date,state,district,pincode,age_0_5,age_5_17,age_18_greater
01-09-2025,Gujarat,Bhavnagar,364070,2,1,0
01-09-2025,Gujarat,Bhavnagar,364140,13,2,0
01-09-2025,Gujarat,Bhavnagar,364275,3,0,0
01-09-2025,Gujarat,Bhavnagar,364505,1,0,0
01-04-2025,Gujarat,Bhavnagar,364002,165,14,11
01-07-2025,Gujarat,Bhavnagar,364140,218,83,11
01-04-2025,Gujarat,Bhavnagar,364001,402,22,14
03-09-2025,Gujarat,Bhavnagar,364006,4,0,0
03-09-2025,Gujarat,Bhavnagar,364050,4,1,0
03-09-2025,Gujarat,Bhavnagar,364060,5,0,0
03-09-2025,Gujarat,Bhavnagar,364135,1,2,0
03-09-2025,Gujarat,Bhavnagar,364150,3,1,0
03-09-2025,Gujarat,Bhavnagar,364260,2,0,0
03-09-2025,Gujarat,Bhavnagar,364295,0,0,1
03-09-2025,Gujarat,Bhavnagar,364505,3,1,0
03-09-2025,Gujarat,Bhavnagar,364730,1,0,0
02-09-2025,Gujarat,Bhavnagar,364001,15,0,0
02-09-2025,Gujarat,Bhavnagar,364005,2,0,0
02-09-2025,Gujarat,Bhavnagar,364050,3,0,0
02-09-2025,Gujarat,Bhavnagar,364120,3,0,0
02-09-2025,Gujarat,Bhavnagar,364130,2,0,1
02-09-2025,Gujarat,Bhavnagar,364270,7,0,2
02-09-2025,Gujarat,Bhavnagar,364510,10,0,0
02-09-2025,Gujarat,Bhavnagar,364530,0,0,1
05-09-2025,Gujarat,Bhavnagar,364006,1,0,0
05-09-2025,Gujarat,Bhavnagar,364145,0,1,0
06-09-2025,Gujarat,Bhavnagar,364050,2,0,0
06-09-2025,Gujarat,Bhavnagar,364060,2,0,1
06-09-2025,Gujarat,Bhavnagar,364110,1,0,0
06-09-2025,Gujarat,Bhavnagar,364150,1,0,0
06-09-2025,Gujarat,Bhavnagar,364210,1,0,0
06-09-2025,Gujarat,Bhavnagar,364270,8,1,2
06-09-2025,Gujarat,Bhavnagar,364505,4,0,0
06-09-2025,Gujarat,Bhavnagar,364510,1,0,0
06-09-2025,Gujarat,Bhavnagar,364525,1,0,0
04-09-2025,Gujarat,Bhavnagar,364003,2,0,0
04-09-2025,Gujarat,Bhavnagar,364120,5,0,0
04-09-2025,Gujarat,Bhavnagar,364130,2,0,2
04-09-2025,Gujarat,Bhavnagar,364240,5,0,0
04-09-2025,Gujarat,Bhavnagar,364260,2,1,0
04-09-2025,Gujarat,Bhavnagar,364280,0,4,2
04-09-2025,Gujarat,Bhavnagar,364530,1,0,0
07-09-2025,Gujarat,Bhavnagar,364295,2,0,0
08-09-2025,Gujarat,Bhavnagar,364002,4,0,0
08-09-2025,Gujarat,Bhavnagar,364070,2,0,0
08-09-2025,Gujarat,Bhavnagar,364210,2,0,0
08-09-2025,Gujarat,Bhavnagar,364270,12,1,1
08-09-2025,Gujarat,Bhavnagar,364310,3,0,0
08-09-2025,Gujarat,Bhavnagar,364750,0,1,0
08-09-2025,Gujarat,Bhavnagar,365565,2,0,0
09-09-2025,Gujarat,Bhavnagar,364003,1,0,0
09-09-2025,Gujarat,Bhavnagar,364060,5,1,0
09-09-2025,Gujarat,Bhavnagar,364130,1,1,0
09-09-2025,Gujarat,Bhavnagar,364250,1,0,0
09-09-2025,Gujarat,Bhavnagar,364275,1,0,0
09-09-2025,Gujarat,Bhavnagar,364330,0,1,0
09-09-2025,Gujarat,Bhavnagar,364505,4,0,1
10-09-2025,Gujarat,Bhavnagar,364004,5,0,1
10-09-2025,Gujarat,Bhavnagar,364070,1,1,0
10-09-2025,Gujarat,Bhavnagar,364135,1,1,0
10-09-2025,Gujarat,Bhavnagar,364270,11,0,1
10-09-2025,Gujarat,Bhavnagar,364313,5,0,0
11-09-2025,Gujarat,Bhavnagar,364003,3,0,0
11-09-2025,Gujarat,Bhavnagar,364004,12,1,0
11-09-2025,Gujarat,Bhavnagar,364140,5,4,1
11-09-2025,Gujarat,Bhavnagar,364270,9,0,2
12-09-2025,Gujarat,Bhavnagar,364060,3,0,0
12-09-2025,Gujarat,Bhavnagar,364250,2,1,0
12-09-2025,Gujarat,Bhavnagar,364265,1,0,0
12-09-2025,Gujarat,Bhavnagar,364270,14,2,3
12-09-2025,Gujarat,Bhavnagar,364295,2,1,0
12-09-2025,Gujarat,Bhavnagar,364710,2,0,0
12-09-2025,Gujarat,Bhavnagar,364765,1,0,0
12-09-2025,Gujarat,Bhavnagar,365565,1,0,0
15-09-2025,Gujarat,Bhavnagar,364005,2,0,0
15-09-2025,Gujarat,Bhavnagar,364280,2,2,1
15-09-2025,Gujarat,Bhavnagar,364505,2,1,0
15-09-2025,Gujarat,Bhavnagar,364510,1,1,0
15-09-2025,Gujarat,Bhavnagar,364710,0,1,0
15-09-2025,Gujarat,Bhavnagar,364740,1,0,0
15-09-2025,Gujarat,Bhavnagar,364760,1,0,0
13-09-2025,Gujarat,Bhavnagar,364060,1,0,0
13-09-2025,Gujarat,Bhavnagar,364150,2,0,0
16-09-2025,Gujarat,Bhavnagar,364001,7,3,0
16-09-2025,Gujarat,Bhavnagar,364130,7,0,0
16-09-2025,Gujarat,Bhavnagar,364140,6,0,0
16-09-2025,Gujarat,Bhavnagar,364505,3,0,0
17-09-2025,Gujarat,Bhavnagar,364130,5,4,0
17-09-2025,Gujarat,Bhavnagar,364250,2,1,0
17-09-2025,Gujarat,Bhavnagar,364260,1,1,0
17-09-2025,Gujarat,Bhavnagar,364265,1,0,0
17-09-2025,Gujarat,Bhavnagar,364510,1,0,0
20-09-2025,Gujarat,Bhavnagar,364140,5,0,0
20-09-2025,Gujarat,Bhavnagar,364250,1,0,0
20-09-2025,Gujarat,Bhavnagar,364505,1,0,0
19-09-2025,Gujarat,Bhavnagar,364130,2,2,0
19-09-2025,Gujarat,Bhavnagar,364510,1,0,0
18-09-2025,Gujarat,Bhavnagar,364060,1,2,0
18-09-2025,Gujarat,Bhavnagar,364135,1,0,0
18-09-2025,Gujarat,Bhavnagar,364140,9,1,0
18-09-2025,Gujarat,Bhavnagar,364230,2,1,0
18-09-2025,Gujarat,Bhavnagar,364260,1,1,0
18-09-2025,Gujarat,Bhavnagar,364290,6,2,0
22-09-2025,Gujarat,Bhavnagar,364130,1,0,0
22-09-2025,Gujarat,Bhavnagar,364145,2,2,0
22-09-2025,Gujarat,Bhavnagar,364240,5,1,0
22-09-2025,Gujarat,Bhavnagar,364290,6,2,0
23-09-2025,Gujarat,Bhavnagar,364001,16,1,0
23-09-2025,Gujarat,Bhavnagar,364050,1,0,0
23-09-2025,Gujarat,Bhavnagar,364060,1,0,0
23-09-2025,Gujarat,Bhavnagar,364070,1,0,0
24-09-2025,Gujarat,Bhavnagar,364070,1,1,0
24-09-2025,Gujarat,Bhavnagar,364130,16,1,0
24-09-2025,Gujarat,Bhavnagar,364145,3,5,0
24-09-2025,Gujarat,Bhavnagar,364150,17,0,0
24-09-2025,Gujarat,Bhavnagar,364260,2,3,0
24-09-2025,Gujarat,Bhavnagar,364270,9,2,0
24-09-2025,Gujarat,Bhavnagar,364330,1,0,0
25-09-2025,Gujarat,Bhavnagar,364006,1,0,0
25-09-2025,Gujarat,Bhavnagar,364140,4,3,1
25-09-2025,Gujarat,Bhavnagar,364145,2,0,0
25-09-2025,Gujarat,Bhavnagar,364150,1,0,0
25-09-2025,Gujarat,Bhavnagar,364230,1,0,1
25-09-2025,Gujarat,Bhavnagar,364270,6,2,0
25-09-2025,Gujarat,Bhavnagar,364275,1,0,0
27-09-2025,Gujarat,Bhavnagar,364290,3,0,0
26-09-2025,Gujarat,Bhavnagar,364004,3,0,0
26-09-2025,Gujarat,Bhavnagar,364070,2,0,0
26-09-2025,Gujarat,Bhavnagar,364110,1,0,0
26-09-2025,Gujarat,Bhavnagar,364310,1,1,0
26-09-2025,Gujarat,Bhavnagar,364525,1,0,1
26-09-2025,Gujarat,Bhavnagar,364710,2,0,0
26-10-2025,Gujarat,Bhavnagar,364002,1,0,0
26-10-2025,Gujarat,Bhavnagar,364130,1,1,0
26-10-2025,Gujarat,Bhavnagar,364760,1,0,0
13-10-2025,Gujarat,Bhavnagar,364001,19,0,0
13-10-2025,Gujarat,Bhavnagar,364002,10,1,1
13-10-2025,Gujarat,Bhavnagar,364070,4,0,0
13-10-2025,Gujarat,Bhavnagar,364150,3,0,0
13-10-2025,Gujarat,Bhavnagar,364265,1,0,0
13-10-2025,Gujarat,Bhavnagar,364310,5,0,0
13-10-2025,Gujarat,Bhavnagar,364313,2,0,0
13-10-2025,Gujarat,Bhavnagar,364505,1,0,1
15-10-2025,Gujarat,Bhavnagar,364003,1,0,0
15-10-2025,Gujarat,Bhavnagar,364004,4,3,0
15-10-2025,Gujarat,Bhavnagar,364060,2,0,0
15-10-2025,Gujarat,Bhavnagar,364110,2,0,0
15-10-2025,Gujarat,Bhavnagar,364230,1,1,0
15-10-2025,Gujarat,Bhavnagar,364250,1,0,1
15-10-2025,Gujarat,Bhavnagar,364290,3,2,1
15-10-2025,Gujarat,Bhavnagar,364505,2,0,0
16-10-2025,Gujarat,Bhavnagar,364002,1,0,1
16-10-2025,Gujarat,Bhavnagar,364150,3,1,0
16-10-2025,Gujarat,Bhavnagar,364210,0,0,1
16-10-2025,Gujarat,Bhavnagar,364510,2,0,0
18-10-2025,Gujarat,Bhavnagar,364003,1,0,0
18-10-2025,Gujarat,Bhavnagar,364004,2,0,0
18-10-2025,Gujarat,Bhavnagar,364006,2,0,0
18-10-2025,Gujarat,Bhavnagar,364130,3,0,2
18-10-2025,Gujarat,Bhavnagar,364505,2,0,0
18-10-2025,Gujarat,Bhavnagar,364510,2,0,0
18-10-2025,Gujarat,Bhavnagar,364720,1,0,0
17-10-2025,Gujarat,Bhavnagar,364002,4,1,0
17-10-2025,Gujarat,Bhavnagar,364240,5,1,0
17-10-2025,Gujarat,Bhavnagar,364280,0,0,1
17-10-2025,Gujarat,Bhavnagar,364290,9,0,0
17-10-2025,Gujarat,Bhavnagar,364310,3,0,0
17-10-2025,Gujarat,Bhavnagar,364313,1,1,0
19-10-2025,Gujarat,Bhavnagar,364230,1,1,0
24-10-2025,Gujarat,Bhavnagar,364002,0,1,0
24-10-2025,Gujarat,Bhavnagar,364240,1,0,0
21-10-2025,Gujarat,Bhavnagar,364003,1,0,0
25-10-2025,Gujarat,Bhavnagar,364150,2,0,0
25-10-2025,Gujarat,Bhavnagar,364290,2,0,0
30-10-2025,Gujarat,Bhavnagar,364295,1,1,0
29-10-2025,Gujarat,Bhavnagar,364280,0,0,1
05-11-2025,Gujarat,Bhavnagar,364001,8,2,0
05-11-2025,Gujarat,Bhavnagar,364006,2,0,0
05-11-2025,Gujarat,Bhavnagar,364060,2,0,0
05-11-2025,Gujarat,Bhavnagar,364145,0,2,0
05-11-2025,Gujarat,Bhavnagar,364230,3,0,0
05-11-2025,Gujarat,Bhavnagar,364290,3,1,0
05-11-2025,Gujarat,Bhavnagar,364330,1,0,0
06-11-2025,Gujarat,Bhavnagar,364002,5,0,0
06-11-2025,Gujarat,Bhavnagar,364006,0,0,1
06-11-2025,Gujarat,Bhavnagar,364140,3,0,0
06-11-2025,Gujarat,Bhavnagar,364310,1,1,0
06-11-2025,Gujarat,Bhavnagar,364313,3,0,0
06-11-2025,Gujarat,Bhavnagar,364505,1,0,0
06-11-2025,Gujarat,Bhavnagar,364740,1,0,0
08-11-2025,Gujarat,Bhavnagar,364003,3,0,0
08-11-2025,Gujarat,Bhavnagar,364004,1,0,1
08-11-2025,Gujarat,Bhavnagar,364060,5,1,0
08-11-2025,Gujarat,Bhavnagar,364070,1,0,0
08-11-2025,Gujarat,Bhavnagar,364120,1,0,0
08-11-2025,Gujarat,Bhavnagar,364150,2,1,0
08-11-2025,Gujarat,Bhavnagar,364230,1,0,0
08-11-2025,Gujarat,Bhavnagar,364240,4,0,0
08-11-2025,Gujarat,Bhavnagar,364295,2,0,0
08-11-2025,Gujarat,Bhavnagar,364505,1,1,0
08-11-2025,Gujarat,Bhavnagar,364710,1,0,0
07-11-2025,Gujarat,Bhavnagar,364050,2,0,0
07-11-2025,Gujarat,Bhavnagar,364070,2,0,1
07-11-2025,Gujarat,Bhavnagar,364210,4,0,0
07-11-2025,Gujarat,Bhavnagar,364275,1,0,0
07-11-2025,Gujarat,Bhavnagar,364290,3,0,0
07-11-2025,Gujarat,Bhavnagar,364295,1,0,0
07-11-2025,Gujarat,Bhavnagar,364310,1,0,1
07-11-2025,Gujarat,Bhavnagar,364510,0,1,0
09-11-2025,Gujarat,Bhavnagar,364003,3,0,0
09-11-2025,Gujarat,Bhavnagar,364070,4,0,0
09-11-2025,Gujarat,Bhavnagar,364130,3,0,0
09-11-2025,Gujarat,Bhavnagar,364510,4,0,0
09-11-2025,Gujarat,Bhavnagar,364740,1,0,0
10-11-2025,Gujarat,Bhavnagar,364295,2,2,0
10-11-2025,Gujarat,Bhavnagar,364310,3,0,0
10-11-2025,Gujarat,Bhavnagar,364313,3,0,0
10-11-2025,Gujarat,Bhavnagar,364330,1,0,0
10-11-2025,Gujarat,Bhavnagar,364505,2,1,1
10-11-2025,Gujarat,Bhavnagar,364710,1,0,0
14-11-2025,Gujarat,Bhavnagar,364002,5,1,0
14-11-2025,Gujarat,Bhavnagar,364070,1,1,0
14-11-2025,Gujarat,Bhavnagar,364110,8,1,0
14-11-2025,Gujarat,Bhavnagar,364150,9,0,0
14-11-2025,Gujarat,Bhavnagar,364290,11,2,0
14-11-2025,Gujarat,Bhavnagar,364295,2,0,0
14-11-2025,Gujarat,Bhavnagar,364320,6,0,0
13-11-2025,Gujarat,Bhavnagar,364003,0,1,0
13-11-2025,Gujarat,Bhavnagar,364070,3,0,0
13-11-2025,Gujarat,Bhavnagar,364110,2,1,0
13-11-2025,Gujarat,Bhavnagar,364140,4,1,0
13-11-2025,Gujarat,Bhavnagar,364210,2,0,0
13-11-2025,Gujarat,Bhavnagar,364230,1,0,0
13-11-2025,Gujarat,Bhavnagar,364313,2,0,0
13-11-2025,Gujarat,Bhavnagar,364510,3,0,1
31-10-2025,Gujarat,Bhavnagar,364001,7,1,0
31-10-2025,Gujarat,Bhavnagar,364005,1,0,0
31-10-2025,Gujarat,Bhavnagar,364140,3,0,0
31-10-2025,Gujarat,Bhavnagar,364270,2,0,0
31-10-2025,Gujarat,Bhavnagar,364295,1,0,0
01-11-2025,Gujarat,Bhavnagar,364002,0,1,0
01-11-2025,Gujarat,Bhavnagar,364230,1,0,0
01-11-2025,Gujarat,Bhavnagar,364265,2,0,0
02-11-2025,Gujarat,Bhavnagar,364002,9,1,0
02-11-2025,Gujarat,Bhavnagar,364004,3,0,0
02-11-2025,Gujarat,Bhavnagar,364005,1,0,0
02-11-2025,Gujarat,Bhavnagar,364006,5,0,0
02-11-2025,Gujarat,Bhavnagar,364050,1,0,0
02-11-2025,Gujarat,Bhavnagar,364110,1,0,0
02-11-2025,Gujarat,Bhavnagar,364135,3,0,0
02-11-2025,Gujarat,Bhavnagar,364320,2,0,0
02-11-2025,Gujarat,Bhavnagar,364330,4,0,0
02-11-2025,Gujarat,Bhavnagar,364510,1,1,0
03-11-2025,Gujarat,Bhavnagar,364003,1,0,0
03-11-2025,Gujarat,Bhavnagar,364145,1,1,0
03-11-2025,Gujarat,Bhavnagar,364275,1,0,0
03-11-2025,Gujarat,Bhavnagar,364280,4,0,1
03-11-2025,Gujarat,Bhavnagar,364740,1,0,0
12-11-2025,Gujarat,Bhavnagar,364001,14,1,0
12-11-2025,Gujarat,Bhavnagar,364002,7,1,0
12-11-2025,Gujarat,Bhavnagar,364005,1,0,0
12-11-2025,Gujarat,Bhavnagar,364120,4,0,0
12-11-2025,Gujarat,Bhavnagar,364145,2,0,0
12-11-2025,Gujarat,Bhavnagar,364260,2,0,0
12-11-2025,Gujarat,Bhavnagar,364265,3,0,0
12-11-2025,Gujarat,Bhavnagar,364270,4,1,0
12-11-2025,Gujarat,Bhavnagar,364290,19,2,4
12-11-2025,Gujarat,Bhavnagar,364295,4,1,0
12-11-2025,Gujarat,Bhavnagar,364313,3,0,0
12-11-2025,Gujarat,Bhavnagar,364505,3,0,0
12-11-2025,Gujarat,Bhavnagar,364525,0,1,0
11-11-2025,Gujarat,Bhavnagar,364001,8,2,0
11-11-2025,Gujarat,Bhavnagar,364130,2,0,2
11-11-2025,Gujarat,Bhavnagar,364310,1,0,0
11-11-2025,Gujarat,Bhavnagar,364313,1,0,0
11-11-2025,Gujarat,Bhavnagar,364320,4,0,0
11-11-2025,Gujarat,Bhavnagar,364505,3,0,0
15-11-2025,Gujarat,Bhavnagar,364004,4,2,0
15-11-2025,Gujarat,Bhavnagar,364060,6,0,0
15-11-2025,Gujarat,Bhavnagar,364070,3,0,0
15-11-2025,Gujarat,Bhavnagar,364110,2,1,0
15-11-2025,Gujarat,Bhavnagar,364230,7,0,0
15-11-2025,Gujarat,Bhavnagar,364240,14,1,0
15-11-2025,Gujarat,Bhavnagar,364260,3,0,0
15-11-2025,Gujarat,Bhavnagar,364275,1,0,0
15-11-2025,Gujarat,Bhavnagar,364330,3,0,0
16-11-2025,Gujarat,Bhavnagar,364002,10,0,0
16-11-2025,Gujarat,Bhavnagar,364060,2,2,0
16-11-2025,Gujarat,Bhavnagar,364150,4,1,0
16-11-2025,Gujarat,Bhavnagar,364275,0,1,0
16-11-2025,Gujarat,Bhavnagar,364295,6,1,0
16-11-2025,Gujarat,Bhavnagar,364740,1,0,0
16-11-2025,Gujarat,Bhavnagar,364750,7,0,0
18-11-2025,Gujarat,Bhavnagar,364003,1,1,0
18-11-2025,Gujarat,Bhavnagar,364120,2,0,0
18-11-2025,Gujarat,Bhavnagar,364130,5,0,0
18-11-2025,Gujarat,Bhavnagar,364140,3,0,0
18-11-2025,Gujarat,Bhavnagar,364313,4,0,0
18-11-2025,Gujarat,Bhavnagar,364510,4,1,0
18-11-2025,Gujarat,Bhavnagar,364760,1,0,0
17-11-2025,Gujarat,Bhavnagar,364070,3,0,0
17-11-2025,Gujarat,Bhavnagar,364110,1,0,0
17-11-2025,Gujarat,Bhavnagar,364240,4,0,0
17-11-2025,Gujarat,Bhavnagar,364280,2,1,0
17-11-2025,Gujarat,Bhavnagar,364295,3,0,0
17-11-2025,Gujarat,Bhavnagar,364310,0,0,2
19-11-2025,Gujarat,Bhavnagar,364003,7,0,0
19-11-2025,Gujarat,Bhavnagar,364150,2,1,0
19-11-2025,Gujarat,Bhavnagar,364240,9,1,0
19-11-2025,Gujarat,Bhavnagar,364710,2,1,0
25-11-2025,Gujarat,Bhavnagar,364003,2,0,0
25-11-2025,Gujarat,Bhavnagar,364004,1,0,0
25-11-2025,Gujarat,Bhavnagar,364050,3,0,0
25-11-2025,Gujarat,Bhavnagar,364270,10,1,0
25-11-2025,Gujarat,Bhavnagar,364295,3,0,0
25-11-2025,Gujarat,Bhavnagar,365550,1,0,0
15-12-2025,Gujarat,Bhavnagar,364002,6,0,0
15-12-2025,Gujarat,Bhavnagar,364110,2,1,0
15-12-2025,Gujarat,Bhavnagar,364140,7,0,0
15-12-2025,Gujarat,Bhavnagar,364150,1,0,0
15-12-2025,Gujarat,Bhavnagar,364240,4,1,0
15-12-2025,Gujarat,Bhavnagar,364330,2,0,0
15-12-2025,Gujarat,Bhavnagar,364510,6,0,0
22-12-2025,Gujarat,Bhavnagar,364001,12,0,0
22-12-2025,Gujarat,Bhavnagar,364110,4,0,0
22-12-2025,Gujarat,Bhavnagar,364120,7,0,0
22-12-2025,Gujarat,Bhavnagar,364130,4,0,0
22-12-2025,Gujarat,Bhavnagar,364135,2,0,0
22-12-2025,Gujarat,Bhavnagar,364140,3,0,0
22-12-2025,Gujarat,Bhavnagar,364145,8,0,0
22-12-2025,Gujarat,Bhavnagar,364150,2,0,0
22-12-2025,Gujarat,Bhavnagar,364250,2,0,0
22-12-2025,Gujarat,Bhavnagar,364260,2,0,0
22-12-2025,Gujarat,Bhavnagar,364275,3,0,0
22-12-2025,Gujarat,Bhavnagar,364313,2,0,0
22-12-2025,Gujarat,Bhavnagar,364320,6,0,0
22-12-2025,Gujarat,Bhavnagar,364330,7,0,0
22-12-2025,Gujarat,Bhavnagar,365565,1,0,0
21-12-2025,Gujarat,Bhavnagar,364135,1,0,0
21-12-2025,Gujarat,Bhavnagar,364230,3,0,0
21-12-2025,Gujarat,Bhavnagar,364240,5,0,0
21-12-2025,Gujarat,Bhavnagar,364275,1,0,0
21-12-2025,Gujarat,Bhavnagar,364510,1,0,0
21-12-2025,Gujarat,Bhavnagar,364710,1,0,0
24-12-2025,Gujarat,Bhavnagar,364145,1,0,0
24-12-2025,Gujarat,Bhavnagar,364230,1,0,0
24-12-2025,Gujarat,Bhavnagar,364510,2,0,0
24-12-2025,Gujarat,Bhavnagar,365565,1,1,0
23-12-2025,Gujarat,Bhavnagar,364001,13,0,0
23-12-2025,Gujarat,Bhavnagar,364003,5,0,0
23-12-2025,Gujarat,Bhavnagar,364070,6,0,0
23-12-2025,Gujarat,Bhavnagar,364210,1,0,0
23-12-2025,Gujarat,Bhavnagar,364270,22,0,0
23-12-2025,Gujarat,Bhavnagar,364290,18,0,0
23-12-2025,Gujarat,Bhavnagar,364505,5,0,0
23-12-2025,Gujarat,Bhavnagar,364760,1,0,0
25-12-2025,Gujarat,Bhavnagar,364001,17,2,0
25-12-2025,Gujarat,Bhavnagar,364050,0,1,0
25-12-2025,Gujarat,Bhavnagar,364060,1,1,0
25-12-2025,Gujarat,Bhavnagar,364145,0,1,0
25-12-2025,Gujarat,Bhavnagar,364280,0,2,0
25-12-2025,Gujarat,Bhavnagar,364290,5,1,0
25-12-2025,Gujarat,Bhavnagar,364313,1,0,0
25-12-2025,Gujarat,Bhavnagar,364710,1,0,0
26-12-2025,Gujarat,Bhavnagar,364210,2,0,0
26-12-2025,Gujarat,Bhavnagar,364295,2,0,0
26-12-2025,Gujarat,Bhavnagar,364313,1,1,0
27-12-2025,Gujarat,Bhavnagar,364003,2,0,0
27-12-2025,Gujarat,Bhavnagar,364210,3,0,0
27-12-2025,Gujarat,Bhavnagar,364240,1,1,0
27-12-2025,Gujarat,Bhavnagar,364265,3,0,0
27-12-2025,Gujarat,Bhavnagar,364290,5,0,0
27-12-2025,Gujarat,Bhavnagar,364710,2,0,0
29-12-2025,Gujarat,Bhavnagar,364110,2,0,0
29-12-2025,Gujarat,Bhavnagar,364210,7,0,0
29-12-2025,Gujarat,Bhavnagar,364260,1,0,0
29-12-2025,Gujarat,Bhavnagar,364275,1,0,0
29-12-2025,Gujarat,Bhavnagar,364290,7,0,0
29-12-2025,Gujarat,Bhavnagar,364295,13,1,0
29-12-2025,Gujarat,Bhavnagar,364310,6,0,0
29-12-2025,Gujarat,Bhavnagar,364320,2,0,0
29-12-2025,Gujarat,Bhavnagar,364760,2,0,0
28-12-2025,Gujarat,Bhavnagar,364004,1,0,0
28-12-2025,Gujarat,Bhavnagar,364275,1,0,0
28-12-2025,Gujarat,Bhavnagar,364765,1,0,0
01-01-2026,Gujarat,Bhavnagar,364120,7,0,0
01-01-2026,Gujarat,Bhavnagar,364250,1,0,0
01-01-2026,Gujarat,Bhavnagar,364260,2,1,0
01-01-2026,Gujarat,Bhavnagar,364265,4,0,0
01-01-2026,Gujarat,Bhavnagar,364280,4,1,0
31-12-2025,Gujarat,Bhavnagar,364001,4,4,0
31-12-2025,Gujarat,Bhavnagar,364110,1,1,0
31-12-2025,Gujarat,Bhavnagar,364140,1,1,0
31-12-2025,Gujarat,Bhavnagar,364150,3,0,0
31-12-2025,Gujarat,Bhavnagar,364265,1,0,0
31-12-2025,Gujarat,Bhavnagar,364270,18,0,0
31-12-2025,Gujarat,Bhavnagar,364280,0,4,0
31-12-2025,Gujarat,Bhavnagar,364510,1,1,0
02-01-2026,Gujarat,Bhavnagar,364002,16,0,0
02-01-2026,Gujarat,Bhavnagar,364005,1,0,0
02-01-2026,Gujarat,Bhavnagar,364320,6,1,0
02-01-2026,Gujarat,Bhavnagar,364330,4,0,0
03-01-2026,Gujarat,Bhavnagar,364260,1,0,0
09-06-2025,Gujarat,Bhavnagar,364002,6,2,0
09-06-2025,Gujarat,Bhavnagar,364135,1,0,0
09-06-2025,Gujarat,Bhavnagar,364150,4,3,1
09-06-2025,Gujarat,Bhavnagar,364230,2,0,0
09-06-2025,Gujarat,Bhavnagar,364250,0,1,0
09-06-2025,Gujarat,Bhavnagar,364260,3,0,0
09-06-2025,Gujarat,Bhavnagar,364280,1,2,0
09-06-2025,Gujarat,Bhavnagar,364313,3,0,0
09-06-2025,Gujarat,Bhavnagar,364720,1,0,0
10-06-2025,Gujarat,Bhavnagar,364001,9,2,0
10-06-2025,Gujarat,Bhavnagar,364004,3,3,0
10-06-2025,Gujarat,Bhavnagar,364006,2,0,0
10-06-2025,Gujarat,Bhavnagar,364240,6,1,1
10-06-2025,Gujarat,Bhavnagar,364313,4,1,0
10-06-2025,Gujarat,Bhavnagar,364320,0,0,1
10-06-2025,Gujarat,Bhavnagar,364720,0,2,0
11-06-2025,Gujarat,Bhavnagar,364006,3,0,0
11-06-2025,Gujarat,Bhavnagar,364110,2,0,0
11-06-2025,Gujarat,Bhavnagar,364135,0,1,0
11-06-2025,Gujarat,Bhavnagar,364230,0,1,0
11-06-2025,Gujarat,Bhavnagar,364330,4,1,0
11-06-2025,Gujarat,Bhavnagar,364750,9,1,0
13-06-2025,Gujarat,Bhavnagar,364120,2,1,0
13-06-2025,Gujarat,Bhavnagar,364130,2,0,0
13-06-2025,Gujarat,Bhavnagar,364145,5,5,0
13-06-2025,Gujarat,Bhavnagar,364240,8,3,1
14-06-2025,Gujarat,Bhavnagar,364001,1,0,0
14-06-2025,Gujarat,Bhavnagar,364002,2,0,0
14-06-2025,Gujarat,Bhavnagar,364004,2,0,0
14-06-2025,Gujarat,Bhavnagar,364135,0,1,0
14-06-2025,Gujarat,Bhavnagar,364280,1,1,0
12-06-2025,Gujarat,Bhavnagar,364002,4,8,1
12-06-2025,Gujarat,Bhavnagar,364140,6,2,0
12-06-2025,Gujarat,Bhavnagar,364230,2,0,1
12-06-2025,Gujarat,Bhavnagar,364240,8,1,0
12-06-2025,Gujarat,Bhavnagar,364310,4,1,1
12-06-2025,Gujarat,Bhavnagar,364510,1,0,0
12-06-2025,Gujarat,Bhavnagar,364740,0,1,0
12-06-2025,Gujarat,Bhavnagar,364765,0,1,0
15-06-2025,Gujarat,Bhavnagar,364130,1,0,0
15-06-2025,Gujarat,Bhavnagar,364330,1,0,0
17-06-2025,Gujarat,Bhavnagar,364006,5,2,0
17-06-2025,Gujarat,Bhavnagar,364070,1,0,0
17-06-2025,Gujarat,Bhavnagar,364130,1,3,0
17-06-2025,Gujarat,Bhavnagar,364295,0,1,0
17-06-2025,Gujarat,Bhavnagar,364320,0,1,0
16-06-2025,Gujarat,Bhavnagar,364001,6,0,0
16-06-2025,Gujarat,Bhavnagar,364002,6,1,0
16-06-2025,Gujarat,Bhavnagar,364005,1,0,0
16-06-2025,Gujarat,Bhavnagar,364070,1,0,0
16-06-2025,Gujarat,Bhavnagar,364145,1,1,0
16-06-2025,Gujarat,Bhavnagar,364240,4,1,0
16-06-2025,Gujarat,Bhavnagar,364295,0,1,0
16-06-2025,Gujarat,Bhavnagar,364313,0,1,0
16-06-2025,Gujarat,Bhavnagar,364740,1,0,0
19-06-2025,Gujarat,Bhavnagar,364004,3,2,1
19-06-2025,Gujarat,Bhavnagar,364120,1,0,0
19-06-2025,Gujarat,Bhavnagar,364230,2,1,0
19-06-2025,Gujarat,Bhavnagar,364265,1,0,0
19-06-2025,Gujarat,Bhavnagar,364280,6,2,0
19-06-2025,Gujarat,Bhavnagar,364710,3,3,0
19-06-2025,Gujarat,Bhavnagar,364720,0,1,0
18-06-2025,Gujarat,Bhavnagar,364004,2,0,0
18-06-2025,Gujarat,Bhavnagar,364120,2,1,0
18-06-2025,Gujarat,Bhavnagar,364210,0,1,0
18-06-2025,Gujarat,Bhavnagar,364710,1,0,0
01-09-2025,Gujarat,Bhavnagar,364002,6,3,0
01-09-2025,Gujarat,Bhavnagar,364060,6,1,0
01-09-2025,Gujarat,Bhavnagar,364210,3,2,0
01-09-2025,Gujarat,Bhavnagar,364230,2,0,1
01-09-2025,Gujarat,Bhavnagar,364320,3,1,0
01-09-2025,Gujarat,Bhavnagar,364510,2,1,0
01-09-2025,Gujarat,Bhavnagar,364525,3,2,0
01-09-2025,Gujarat,Bhavnagar,364750,2,0,0
01-06-2025,Gujarat,Bhavnagar,364290,189,39,11
01-07-2025,Gujarat,Bhavnagar,364001,428,86,14
01-07-2025,Gujarat,Bhavnagar,364310,118,20,11
03-09-2025,Gujarat,Bhavnagar,364003,2,1,0
03-09-2025,Gujarat,Bhavnagar,364250,2,0,0
03-09-2025,Gujarat,Bhavnagar,364270,4,0,0
03-09-2025,Gujarat,Bhavnagar,364310,2,0,0
03-09-2025,Gujarat,Bhavnagar,364320,1,0,0
02-09-2025,Gujarat,Bhavnagar,364070,2,1,0
02-09-2025,Gujarat,Bhavnagar,364135,2,1,0
02-09-2025,Gujarat,Bhavnagar,364150,27,0,0
02-09-2025,Gujarat,Bhavnagar,365565,1,0,0
06-09-2025,Gujarat,Bhavnagar,364003,1,0,0
06-09-2025,Gujarat,Bhavnagar,364070,3,1,0
06-09-2025,Gujarat,Bhavnagar,364250,1,1,0
06-09-2025,Gujarat,Bhavnagar,364320,1,1,1
04-09-2025,Gujarat,Bhavnagar,364001,11,2,0
04-09-2025,Gujarat,Bhavnagar,364002,4,0,0
04-09-2025,Gujarat,Bhavnagar,364006,2,0,0
04-09-2025,Gujarat,Bhavnagar,364210,0,2,0
04-09-2025,Gujarat,Bhavnagar,364250,0,1,0
04-09-2025,Gujarat,Bhavnagar,364270,4,4,0
04-09-2025,Gujarat,Bhavnagar,364310,1,0,0
04-09-2025,Gujarat,Bhavnagar,364750,0,1,0
05-09-2025,Gujarat,Bhavnagar,364260,1,0,0
09-09-2025,Gujarat,Bhavnagar,364001,17,1,1
09-09-2025,Gujarat,Bhavnagar,364004,6,2,1
09-09-2025,Gujarat,Bhavnagar,364135,1,1,0
09-09-2025,Gujarat,Bhavnagar,364313,1,0,0
09-09-2025,Gujarat,Bhavnagar,364320,1,0,1
08-09-2025,Gujarat,Bhavnagar,364130,4,0,1
08-09-2025,Gujarat,Bhavnagar,364140,31,3,0
08-09-2025,Gujarat,Bhavnagar,364145,4,0,0
08-09-2025,Gujarat,Bhavnagar,364240,7,2,1
08-09-2025,Gujarat,Bhavnagar,364710,2,1,0
08-09-2025,Gujarat,Bhavnagar,364730,1,0,0
10-09-2025,Gujarat,Bhavnagar,364001,14,1,0
10-09-2025,Gujarat,Bhavnagar,364290,9,1,0
10-09-2025,Gujarat,Bhavnagar,364750,1,1,0
11-09-2025,Gujarat,Bhavnagar,364050,3,0,0
11-09-2025,Gujarat,Bhavnagar,364060,3,1,0
11-09-2025,Gujarat,Bhavnagar,364120,5,0,0
11-09-2025,Gujarat,Bhavnagar,364135,1,0,0
11-09-2025,Gujarat,Bhavnagar,364145,1,0,0
11-09-2025,Gujarat,Bhavnagar,364260,7,2,1
11-09-2025,Gujarat,Bhavnagar,364280,1,0,0
11-09-2025,Gujarat,Bhavnagar,364313,16,0,0
11-09-2025,Gujarat,Bhavnagar,364505,1,0,0
11-09-2025,Gujarat,Bhavnagar,364530,1,0,0
11-09-2025,Gujarat,Bhavnagar,364765,4,0,0
11-09-2025,Gujarat,Bhavnagar,365565,1,0,0
15-09-2025,Gujarat,Bhavnagar,364001,10,1,0
15-09-2025,Gujarat,Bhavnagar,364002,3,0,0
15-09-2025,Gujarat,Bhavnagar,364003,1,0,0
15-09-2025,Gujarat,Bhavnagar,364060,4,2,0
15-09-2025,Gujarat,Bhavnagar,364130,5,1,0
15-09-2025,Gujarat,Bhavnagar,364140,5,3,0
15-09-2025,Gujarat,Bhavnagar,364150,13,0,0
15-09-2025,Gujarat,Bhavnagar,364230,4,1,0
15-09-2025,Gujarat,Bhavnagar,364260,2,1,0
12-09-2025,Gujarat,Bhavnagar,364001,18,3,0
12-09-2025,Gujarat,Bhavnagar,364003,2,0,0
12-09-2025,Gujarat,Bhavnagar,364005,4,0,0
12-09-2025,Gujarat,Bhavnagar,364260,2,3,1
12-09-2025,Gujarat,Bhavnagar,364750,2,0,0
16-09-2025,Gujarat,Bhavnagar,364081,0,1,0
16-09-2025,Gujarat,Bhavnagar,364145,2,0,1
16-09-2025,Gujarat,Bhavnagar,364265,1,0,1
16-09-2025,Gujarat,Bhavnagar,364270,11,0,1
16-09-2025,Gujarat,Bhavnagar,364280,6,2,0
16-09-2025,Gujarat,Bhavnagar,364290,5,0,0
16-09-2025,Gujarat,Bhavnagar,364320,3,0,0
16-09-2025,Gujarat,Bhavnagar,364510,1,1,0
17-09-2025,Gujarat,Bhavnagar,364110,1,0,0
17-09-2025,Gujarat,Bhavnagar,364135,0,1,0
17-09-2025,Gujarat,Bhavnagar,364270,7,0,1
17-09-2025,Gujarat,Bhavnagar,364275,2,0,0
17-09-2025,Gujarat,Bhavnagar,364310,1,0,0
17-09-2025,Gujarat,Bhavnagar,364320,2,1,0
20-09-2025,Gujarat,Bhavnagar,364050,1,0,0
20-09-2025,Gujarat,Bhavnagar,364060,2,0,0
20-09-2025,Gujarat,Bhavnagar,364135,1,0,0
20-09-2025,Gujarat,Bhavnagar,364210,2,0,0
20-09-2025,Gujarat,Bhavnagar,364240,2,0,0
20-09-2025,Gujarat,Bhavnagar,364275,2,0,0
18-09-2025,Gujarat,Bhavnagar,364150,20,0,0
18-09-2025,Gujarat,Bhavnagar,364250,1,0,0
18-09-2025,Gujarat,Bhavnagar,364270,10,1,0
18-09-2025,Gujarat,Bhavnagar,364760,1,0,0
19-09-2025,Gujarat,Bhavnagar,364005,1,0,0
19-09-2025,Gujarat,Bhavnagar,364050,1,0,0
19-09-2025,Gujarat,Bhavnagar,364110,0,1,0
19-09-2025,Gujarat,Bhavnagar,364145,3,0,0
19-09-2025,Gujarat,Bhavnagar,364250,1,0,1
19-09-2025,Gujarat,Bhavnagar,364280,2,0,0
19-09-2025,Gujarat,Bhavnagar,364295,3,1,0
19-09-2025,Gujarat,Bhavnagar,364313,1,0,0
22-09-2025,Gujarat,Bhavnagar,364006,4,0,0
22-09-2025,Gujarat,Bhavnagar,364070,3,0,0
22-09-2025,Gujarat,Bhavnagar,364140,7,8,0
22-09-2025,Gujarat,Bhavnagar,364295,1,0,0
22-09-2025,Gujarat,Bhavnagar,364710,3,1,0
23-09-2025,Gujarat,Bhavnagar,364145,4,1,0
23-09-2025,Gujarat,Bhavnagar,364210,2,0,0
23-09-2025,Gujarat,Bhavnagar,364280,5,2,0
23-09-2025,Gujarat,Bhavnagar,364295,10,1,0
24-09-2025,Gujarat,Bhavnagar,364002,10,1,0
24-09-2025,Gujarat,Bhavnagar,364050,1,0,0
24-09-2025,Gujarat,Bhavnagar,364210,1,0,0
24-09-2025,Gujarat,Bhavnagar,364280,1,4,0
24-09-2025,Gujarat,Bhavnagar,364290,5,1,0
24-09-2025,Gujarat,Bhavnagar,364310,7,0,0
24-09-2025,Gujarat,Bhavnagar,364505,3,0,0
24-09-2025,Gujarat,Bhavnagar,364750,2,0,0
25-09-2025,Gujarat,Bhavnagar,364050,1,0,0
25-09-2025,Gujarat,Bhavnagar,364060,3,0,0
25-09-2025,Gujarat,Bhavnagar,364280,0,1,1
25-09-2025,Gujarat,Bhavnagar,364330,2,0,0
26-09-2025,Gujarat,Bhavnagar,364001,7,0,0
26-09-2025,Gujarat,Bhavnagar,364060,3,0,0
26-09-2025,Gujarat,Bhavnagar,364280,0,1,0
26-09-2025,Gujarat,Bhavnagar,364290,7,1,0
26-09-2025,Gujarat,Bhavnagar,364295,1,1,0
26-09-2025,Gujarat,Bhavnagar,364320,4,0,0
27-09-2025,Gujarat,Bhavnagar,364150,1,0,0
26-10-2025,Gujarat,Bhavnagar,364070,1,0,0
13-10-2025,Gujarat,Bhavnagar,364135,1,0,0
13-10-2025,Gujarat,Bhavnagar,364260,1,3,0
13-10-2025,Gujarat,Bhavnagar,364270,10,0,1
15-10-2025,Gujarat,Bhavnagar,364002,5,0,1
15-10-2025,Gujarat,Bhavnagar,364050,1,0,0
15-10-2025,Gujarat,Bhavnagar,364120,4,0,0
15-10-2025,Gujarat,Bhavnagar,364135,1,0,1
15-10-2025,Gujarat,Bhavnagar,364140,6,1,0
15-10-2025,Gujarat,Bhavnagar,364240,8,2,0
15-10-2025,Gujarat,Bhavnagar,364320,2,0,0
15-10-2025,Gujarat,Bhavnagar,364760,2,0,0
15-10-2025,Gujarat,Bhavnagar,365565,0,0,1
17-10-2025,Gujarat,Bhavnagar,364070,1,1,0
17-10-2025,Gujarat,Bhavnagar,364130,1,0,0
17-10-2025,Gujarat,Bhavnagar,364140,6,0,0
17-10-2025,Gujarat,Bhavnagar,364145,3,1,0
17-10-2025,Gujarat,Bhavnagar,364230,3,0,2
17-10-2025,Gujarat,Bhavnagar,364505,1,0,0
17-10-2025,Gujarat,Bhavnagar,364510,2,0,0
17-10-2025,Gujarat,Bhavnagar,364710,3,0,0
16-10-2025,Gujarat,Bhavnagar,364060,5,0,0
16-10-2025,Gujarat,Bhavnagar,364120,3,0,0
16-10-2025,Gujarat,Bhavnagar,364130,1,4,0
16-10-2025,Gujarat,Bhavnagar,364230,1,0,0
16-10-2025,Gujarat,Bhavnagar,364270,5,2,0
16-10-2025,Gujarat,Bhavnagar,364750,1,0,0
18-10-2025,Gujarat,Bhavnagar,364001,5,0,0
18-10-2025,Gujarat,Bhavnagar,364530,1,0,0
19-10-2025,Gujarat,Bhavnagar,364070,3,0,0
19-10-2025,Gujarat,Bhavnagar,364110,1,0,0
19-10-2025,Gujarat,Bhavnagar,364120,1,0,0
19-10-2025,Gujarat,Bhavnagar,364130,1,1,0
19-10-2025,Gujarat,Bhavnagar,364260,1,1,0
19-10-2025,Gujarat,Bhavnagar,364310,0,0,1
21-10-2025,Gujarat,Bhavnagar,364001,5,0,0
21-10-2025,Gujarat,Bhavnagar,364260,1,0,0
21-10-2025,Gujarat,Bhavnagar,364740,1,0,0
20-10-2025,Gujarat,Bhavnagar,364140,0,1,0
25-10-2025,Gujarat,Bhavnagar,364002,1,0,0
25-10-2025,Gujarat,Bhavnagar,364145,1,0,0
25-10-2025,Gujarat,Bhavnagar,364260,1,0,0
25-10-2025,Gujarat,Bhavnagar,364270,1,0,0
25-10-2025,Gujarat,Bhavnagar,364505,2,0,0
25-10-2025,Gujarat,Bhavnagar,364510,1,0,0
25-10-2025,Gujarat,Bhavnagar,364710,1,0,0
24-10-2025,Gujarat,Bhavnagar,364001,5,1,0
24-10-2025,Gujarat,Bhavnagar,364004,1,0,0
24-10-2025,Gujarat,Bhavnagar,364060,2,0,0
24-10-2025,Gujarat,Bhavnagar,364145,0,1,0
24-10-2025,Gujarat,Bhavnagar,364295,1,0,0
28-10-2025,Gujarat,Bhavnagar,364006,0,0,1
27-10-2025,Gujarat,Bhavnagar,364001,1,0,0
27-10-2025,Gujarat,Bhavnagar,364070,1,0,0
29-10-2025,Gujarat,Bhavnagar,364270,0,0,1
03-11-2025,Gujarat,Bhavnagar,364320,0,0,1
03-11-2025,Gujarat,Bhavnagar,364505,1,0,0
03-11-2025,Gujarat,Bhavnagar,364510,1,0,0
05-11-2025,Gujarat,Bhavnagar,364003,2,0,0
05-11-2025,Gujarat,Bhavnagar,364005,0,1,0
05-11-2025,Gujarat,Bhavnagar,364110,1,0,0
05-11-2025,Gujarat,Bhavnagar,364120,3,0,0
05-11-2025,Gujarat,Bhavnagar,364130,1,0,0
05-11-2025,Gujarat,Bhavnagar,364270,4,0,0
05-11-2025,Gujarat,Bhavnagar,364295,3,0,0
05-11-2025,Gujarat,Bhavnagar,364310,1,0,0
05-11-2025,Gujarat,Bhavnagar,364320,0,1,0
05-11-2025,Gujarat,Bhavnagar,364505,1,0,0
05-11-2025,Gujarat,Bhavnagar,364530,1,0,0
04-11-2025,Gujarat,Bhavnagar,364260,1,0,0
06-11-2025,Gujarat,Bhavnagar,364050,1,0,0
07-11-2025,Gujarat,Bhavnagar,364004,1,0,0
07-11-2025,Gujarat,Bhavnagar,364130,0,0,1
07-11-2025,Gujarat,Bhavnagar,364265,1,1,0
09-11-2025,Gujarat,Bhavnagar,364002,10,0,0
09-11-2025,Gujarat,Bhavnagar,364005,1,1,0
09-11-2025,Gujarat,Bhavnagar,364110,1,0,0
09-11-2025,Gujarat,Bhavnagar,364120,3,0,0
09-11-2025,Gujarat,Bhavnagar,364140,6,0,0
09-11-2025,Gujarat,Bhavnagar,364150,4,1,0
09-11-2025,Gujarat,Bhavnagar,364230,1,1,0
09-11-2025,Gujarat,Bhavnagar,364260,3,1,0
09-11-2025,Gujarat,Bhavnagar,364270,5,1,0
09-11-2025,Gujarat,Bhavnagar,364290,9,0,0
09-11-2025,Gujarat,Bhavnagar,364310,4,0,0
08-11-2025,Gujarat,Bhavnagar,364002,2,1,0
08-11-2025,Gujarat,Bhavnagar,364005,1,0,0
08-11-2025,Gujarat,Bhavnagar,364006,2,0,1
08-11-2025,Gujarat,Bhavnagar,364130,0,1,0
08-11-2025,Gujarat,Bhavnagar,364260,2,1,0
08-11-2025,Gujarat,Bhavnagar,364290,5,1,0
08-11-2025,Gujarat,Bhavnagar,364750,1,1,0
12-11-2025,Gujarat,Bhavnagar,364150,12,2,4
12-11-2025,Gujarat,Bhavnagar,364240,8,1,6
13-11-2025,Gujarat,Bhavnagar,364001,8,0,0
13-11-2025,Gujarat,Bhavnagar,364004,5,0,0
13-11-2025,Gujarat,Bhavnagar,364135,1,0,0
13-11-2025,Gujarat,Bhavnagar,364145,1,0,0
13-11-2025,Gujarat,Bhavnagar,364150,1,0,0
17-11-2025,Gujarat,Bhavnagar,364004,1,1,1
17-11-2025,Gujarat,Bhavnagar,364145,1,0,0
17-11-2025,Gujarat,Bhavnagar,364230,2,0,0
17-11-2025,Gujarat,Bhavnagar,364260,0,1,0
17-11-2025,Gujarat,Bhavnagar,364270,6,0,1
16-11-2025,Gujarat,Bhavnagar,364003,4,0,0
16-11-2025,Gujarat,Bhavnagar,364004,4,0,0
16-11-2025,Gujarat,Bhavnagar,364260,2,0,0
16-11-2025,Gujarat,Bhavnagar,364265,3,0,0
16-11-2025,Gujarat,Bhavnagar,364280,4,1,0
16-11-2025,Gujarat,Bhavnagar,364290,8,0,0
16-11-2025,Gujarat,Bhavnagar,364510,3,0,0
18-11-2025,Gujarat,Bhavnagar,364150,1,0,0
18-11-2025,Gujarat,Bhavnagar,364270,16,0,0
18-11-2025,Gujarat,Bhavnagar,364290,15,2,0
18-11-2025,Gujarat,Bhavnagar,364320,1,0,0
25-11-2025,Gujarat,Bhavnagar,364001,11,0,0
25-11-2025,Gujarat,Bhavnagar,364060,14,0,0
25-11-2025,Gujarat,Bhavnagar,364710,2,0,0
15-12-2025,Gujarat,Bhavnagar,364060,3,0,0
15-12-2025,Gujarat,Bhavnagar,364070,6,0,0
15-12-2025,Gujarat,Bhavnagar,364120,7,0,0
15-12-2025,Gujarat,Bhavnagar,364130,5,0,0
15-12-2025,Gujarat,Bhavnagar,364145,2,1,0
15-12-2025,Gujarat,Bhavnagar,364250,5,0,0
15-12-2025,Gujarat,Bhavnagar,364270,14,0,0
15-12-2025,Gujarat,Bhavnagar,364275,2,0,0
15-12-2025,Gujarat,Bhavnagar,364290,25,5,0
15-12-2025,Gujarat,Bhavnagar,364505,6,1,0
30-10-2025,Gujarat,Bhavnagar,364001,10,0,0
30-10-2025,Gujarat,Bhavnagar,364110,1,0,0
30-10-2025,Gujarat,Bhavnagar,364130,2,1,0
30-10-2025,Gujarat,Bhavnagar,364145,5,0,0
30-10-2025,Gujarat,Bhavnagar,364150,1,0,0
30-10-2025,Gujarat,Bhavnagar,364240,4,0,2
30-10-2025,Gujarat,Bhavnagar,364265,1,0,0
30-10-2025,Gujarat,Bhavnagar,364270,5,1,0
30-10-2025,Gujarat,Bhavnagar,364290,1,2,0
30-10-2025,Gujarat,Bhavnagar,364710,2,0,0
31-10-2025,Gujarat,Bhavnagar,364120,1,1,0
31-10-2025,Gujarat,Bhavnagar,364130,1,0,0
31-10-2025,Gujarat,Bhavnagar,364210,0,0,1
31-10-2025,Gujarat,Bhavnagar,364240,4,0,3
31-10-2025,Gujarat,Bhavnagar,364330,1,0,0
02-11-2025,Gujarat,Bhavnagar,364230,2,0,0
02-11-2025,Gujarat,Bhavnagar,364240,5,1,0
02-11-2025,Gujarat,Bhavnagar,364505,1,0,0
01-11-2025,Gujarat,Bhavnagar,364001,2,0,0
01-11-2025,Gujarat,Bhavnagar,364140,1,0,0
10-11-2025,Gujarat,Bhavnagar,364002,4,0,2
10-11-2025,Gujarat,Bhavnagar,364050,5,0,0
10-11-2025,Gujarat,Bhavnagar,364140,1,0,0
10-11-2025,Gujarat,Bhavnagar,364240,7,1,2
10-11-2025,Gujarat,Bhavnagar,364260,1,1,2
10-11-2025,Gujarat,Bhavnagar,364270,8,1,0
10-11-2025,Gujarat,Bhavnagar,364290,5,2,3
11-11-2025,Gujarat,Bhavnagar,364003,1,0,0
11-11-2025,Gujarat,Bhavnagar,364120,0,1,0
11-11-2025,Gujarat,Bhavnagar,364250,1,0,0
14-11-2025,Gujarat,Bhavnagar,364001,18,0,0
14-11-2025,Gujarat,Bhavnagar,364003,3,0,0
14-11-2025,Gujarat,Bhavnagar,364050,2,0,0
14-11-2025,Gujarat,Bhavnagar,364060,3,0,0
14-11-2025,Gujarat,Bhavnagar,364140,2,1,0
14-11-2025,Gujarat,Bhavnagar,364275,2,0,0
14-11-2025,Gujarat,Bhavnagar,364313,1,0,0
14-11-2025,Gujarat,Bhavnagar,364750,2,0,0
15-11-2025,Gujarat,Bhavnagar,364002,14,2,0
15-11-2025,Gujarat,Bhavnagar,364003,4,2,0
15-11-2025,Gujarat,Bhavnagar,364050,1,0,0
15-11-2025,Gujarat,Bhavnagar,364150,2,1,0
15-11-2025,Gujarat,Bhavnagar,364250,3,0,0
15-11-2025,Gujarat,Bhavnagar,364295,3,0,0
15-11-2025,Gujarat,Bhavnagar,364313,3,0,0
15-11-2025,Gujarat,Bhavnagar,364760,1,0,0
19-11-2025,Gujarat,Bhavnagar,364001,24,2,2
19-11-2025,Gujarat,Bhavnagar,364210,2,0,0
19-11-2025,Gujarat,Bhavnagar,364270,14,1,0
21-12-2025,Gujarat,Bhavnagar,364001,5,0,0
21-12-2025,Gujarat,Bhavnagar,364002,2,0,0
21-12-2025,Gujarat,Bhavnagar,364140,4,0,0
21-12-2025,Gujarat,Bhavnagar,364150,3,0,0
22-12-2025,Gujarat,Bhavnagar,364265,3,0,0
22-12-2025,Gujarat,Bhavnagar,364280,7,0,0
24-12-2025,Gujarat,Bhavnagar,364004,8,0,0
24-12-2025,Gujarat,Bhavnagar,364006,4,0,0
24-12-2025,Gujarat,Bhavnagar,364070,4,0,0
24-12-2025,Gujarat,Bhavnagar,364130,2,0,1
24-12-2025,Gujarat,Bhavnagar,364290,11,2,2
24-12-2025,Gujarat,Bhavnagar,364310,1,0,0
24-12-2025,Gujarat,Bhavnagar,364330,2,0,0
24-12-2025,Gujarat,Bhavnagar,364505,3,0,0
23-12-2025,Gujarat,Bhavnagar,364004,6,0,0
23-12-2025,Gujarat,Bhavnagar,364081,1,0,0
23-12-2025,Gujarat,Bhavnagar,364120,2,0,0
23-12-2025,Gujarat,Bhavnagar,364135,1,0,0
23-12-2025,Gujarat,Bhavnagar,364240,11,0,0
23-12-2025,Gujarat,Bhavnagar,364280,5,0,0
23-12-2025,Gujarat,Bhavnagar,364295,1,0,0
23-12-2025,Gujarat,Bhavnagar,364510,4,0,0
25-12-2025,Gujarat,Bhavnagar,364002,2,0,0
25-12-2025,Gujarat,Bhavnagar,364004,7,1,0
25-12-2025,Gujarat,Bhavnagar,364210,2,0,0
25-12-2025,Gujarat,Bhavnagar,364295,5,0,0
25-12-2025,Gujarat,Bhavnagar,364510,1,1,0
27-12-2025,Gujarat,Bhavnagar,364120,0,0,1
27-12-2025,Gujarat,Bhavnagar,364130,0,1,0
27-12-2025,Gujarat,Bhavnagar,364270,1,0,0
27-12-2025,Gujarat,Bhavnagar,364275,3,0,0
26-12-2025,Gujarat,Bhavnagar,364001,9,0,1
26-12-2025,Gujarat,Bhavnagar,364275,1,0,0
26-12-2025,Gujarat,Bhavnagar,364280,1,0,0
26-12-2025,Gujarat,Bhavnagar,364505,1,0,0
29-12-2025,Gujarat,Bhavnagar,364003,1,0,0
29-12-2025,Gujarat,Bhavnagar,364250,1,0,0
29-12-2025,Gujarat,Bhavnagar,364270,7,1,0
29-12-2025,Gujarat,Bhavnagar,364505,1,0,0
29-12-2025,Gujarat,Bhavnagar,364740,1,0,0
28-12-2025,Gujarat,Bhavnagar,364001,9,0,0
28-12-2025,Gujarat,Bhavnagar,364006,3,0,0
28-12-2025,Gujarat,Bhavnagar,364050,1,0,0
28-12-2025,Gujarat,Bhavnagar,364081,1,0,0
28-12-2025,Gujarat,Bhavnagar,364120,1,2,0
28-12-2025,Gujarat,Bhavnagar,364130,1,0,0
28-12-2025,Gujarat,Bhavnagar,364240,2,0,0
28-12-2025,Gujarat,Bhavnagar,364760,1,0,0
01-01-2026,Gujarat,Bhavnagar,364001,23,3,1
01-01-2026,Gujarat,Bhavnagar,364006,5,0,0
01-01-2026,Gujarat,Bhavnagar,364135,4,0,0
01-01-2026,Gujarat,Bhavnagar,364320,6,0,0
01-01-2026,Gujarat,Bhavnagar,364505,3,0,0
01-01-2026,Gujarat,Bhavnagar,364740,1,0,0
01-01-2026,Gujarat,Bhavnagar,365565,1,0,0
31-12-2025,Gujarat,Bhavnagar,364002,2,1,0
31-12-2025,Gujarat,Bhavnagar,364120,1,1,0
31-12-2025,Gujarat,Bhavnagar,364230,1,1,0
31-12-2025,Gujarat,Bhavnagar,364250,1,1,0
31-12-2025,Gujarat,Bhavnagar,364295,1,3,0
31-12-2025,Gujarat,Bhavnagar,364320,2,0,0
02-01-2026,Gujarat,Bhavnagar,364001,20,2,1
02-01-2026,Gujarat,Bhavnagar,364004,8,1,0
02-01-2026,Gujarat,Bhavnagar,364006,2,0,0
02-01-2026,Gujarat,Bhavnagar,364150,3,0,0
02-01-2026,Gujarat,Bhavnagar,364260,1,0,0
02-01-2026,Gujarat,Bhavnagar,364290,9,2,0
03-01-2026,Gujarat,Bhavnagar,364270,1,0,0
09-06-2025,Gujarat,Bhavnagar,364003,2,1,0
09-06-2025,Gujarat,Bhavnagar,364004,3,2,0
09-06-2025,Gujarat,Bhavnagar,364070,2,2,0
09-06-2025,Gujarat,Bhavnagar,364110,1,1,0
09-06-2025,Gujarat,Bhavnagar,364130,0,1,0
09-06-2025,Gujarat,Bhavnagar,364210,1,0,0
09-06-2025,Gujarat,Bhavnagar,364290,5,5,1
09-06-2025,Gujarat,Bhavnagar,364330,3,0,0
09-06-2025,Gujarat,Bhavnagar,364525,2,0,0
09-06-2025,Gujarat,Bhavnagar,364730,1,0,0
09-06-2025,Gujarat,Bhavnagar,364750,4,1,0
12-06-2025,Gujarat,Bhavnagar,364120,1,0,0
12-06-2025,Gujarat,Bhavnagar,364145,2,4,0
12-06-2025,Gujarat,Bhavnagar,364280,2,0,0
12-06-2025,Gujarat,Bhavnagar,364295,2,2,1
12-06-2025,Gujarat,Bhavnagar,364313,1,0,0
12-06-2025,Gujarat,Bhavnagar,364760,0,1,0
11-06-2025,Gujarat,Bhavnagar,364001,9,4,0
11-06-2025,Gujarat,Bhavnagar,364210,0,1,0
11-06-2025,Gujarat,Bhavnagar,364250,2,2,0
11-06-2025,Gujarat,Bhavnagar,364270,9,2,0
11-06-2025,Gujarat,Bhavnagar,364290,12,0,1
11-06-2025,Gujarat,Bhavnagar,364320,3,0,0
11-06-2025,Gujarat,Bhavnagar,364525,0,1,1
11-06-2025,Gujarat,Bhavnagar,364720,1,1,0
10-06-2025,Gujarat,Bhavnagar,364003,3,0,0
10-06-2025,Gujarat,Bhavnagar,364005,3,0,0
10-06-2025,Gujarat,Bhavnagar,364070,4,3,0
10-06-2025,Gujarat,Bhavnagar,364260,2,0,0
10-06-2025,Gujarat,Bhavnagar,364290,9,1,1
14-06-2025,Gujarat,Bhavnagar,364050,0,1,0
14-06-2025,Gujarat,Bhavnagar,364140,2,1,0
14-06-2025,Gujarat,Bhavnagar,364145,2,2,0
14-06-2025,Gujarat,Bhavnagar,364320,1,0,0
13-06-2025,Gujarat,Bhavnagar,364002,2,1,1
13-06-2025,Gujarat,Bhavnagar,364006,2,1,1
13-06-2025,Gujarat,Bhavnagar,364050,2,0,0
13-06-2025,Gujarat,Bhavnagar,364070,1,1,0
13-06-2025,Gujarat,Bhavnagar,364110,2,0,0
13-06-2025,Gujarat,Bhavnagar,364260,1,0,0
13-06-2025,Gujarat,Bhavnagar,364265,6,2,0
13-06-2025,Gujarat,Bhavnagar,364280,1,2,0
13-06-2025,Gujarat,Bhavnagar,364320,3,1,0
13-06-2025,Gujarat,Bhavnagar,364505,1,1,0
13-06-2025,Gujarat,Bhavnagar,364510,2,1,0
13-06-2025,Gujarat,Bhavnagar,364710,3,3,0
13-06-2025,Gujarat,Bhavnagar,364760,1,0,0
15-06-2025,Gujarat,Bhavnagar,364280,0,4,0
15-06-2025,Gujarat,Bhavnagar,364310,1,0,0
16-06-2025,Gujarat,Bhavnagar,364120,1,0,0
16-06-2025,Gujarat,Bhavnagar,364230,1,0,0
16-06-2025,Gujarat,Bhavnagar,364260,1,0,0
16-06-2025,Gujarat,Bhavnagar,364290,3,0,0
16-06-2025,Gujarat,Bhavnagar,364310,1,1,0
16-06-2025,Gujarat,Bhavnagar,364320,1,1,0
16-06-2025,Gujarat,Bhavnagar,364750,5,4,0
17-06-2025,Gujarat,Bhavnagar,364004,3,0,0
17-06-2025,Gujarat,Bhavnagar,364110,2,0,0
17-06-2025,Gujarat,Bhavnagar,364140,4,3,0
17-06-2025,Gujarat,Bhavnagar,364150,2,0,0
17-06-2025,Gujarat,Bhavnagar,364230,1,0,0
17-06-2025,Gujarat,Bhavnagar,364260,1,0,0
17-06-2025,Gujarat,Bhavnagar,364280,2,0,0
19-06-2025,Gujarat,Bhavnagar,364130,3,2,2
19-06-2025,Gujarat,Bhavnagar,364240,10,5,0
19-06-2025,Gujarat,Bhavnagar,364260,1,0,0
19-06-2025,Gujarat,Bhavnagar,364295,1,4,0
19-06-2025,Gujarat,Bhavnagar,364310,1,0,0
19-06-2025,Gujarat,Bhavnagar,364313,1,0,0
19-06-2025,Gujarat,Bhavnagar,364330,1,0,0
19-06-2025,Gujarat,Bhavnagar,364505,3,1,0
19-06-2025,Gujarat,Bhavnagar,364765,0,1,0
01-07-2025,Gujarat,Bhavnagar,364290,305,56,35
01-07-2025,Gujarat,Bhavnagar,364130,104,54,14
01-09-2025,Gujarat,Bhavnagar,364003,4,0,1
01-09-2025,Gujarat,Bhavnagar,364004,9,1,0
01-09-2025,Gujarat,Bhavnagar,364050,1,1,2
01-09-2025,Gujarat,Bhavnagar,364130,3,2,0
01-09-2025,Gujarat,Bhavnagar,364150,3,0,0
01-09-2025,Gujarat,Bhavnagar,364240,18,3,0
01-09-2025,Gujarat,Bhavnagar,364250,2,2,0
01-09-2025,Gujarat,Bhavnagar,364260,7,1,0
01-09-2025,Gujarat,Bhavnagar,364265,0,1,0
03-09-2025,Gujarat,Bhavnagar,364002,10,0,0
03-09-2025,Gujarat,Bhavnagar,364005,2,1,0
03-09-2025,Gujarat,Bhavnagar,364120,1,0,0
03-09-2025,Gujarat,Bhavnagar,364140,6,3,0
03-09-2025,Gujarat,Bhavnagar,364240,12,0,0
03-09-2025,Gujarat,Bhavnagar,364280,1,1,1
03-09-2025,Gujarat,Bhavnagar,364290,9,1,1
03-09-2025,Gujarat,Bhavnagar,364330,0,0,1
03-09-2025,Gujarat,Bhavnagar,364740,2,0,0
02-09-2025,Gujarat,Bhavnagar,364002,6,0,0
02-09-2025,Gujarat,Bhavnagar,364060,2,2,0
02-09-2025,Gujarat,Bhavnagar,364275,0,2,0
02-09-2025,Gujarat,Bhavnagar,364280,4,1,1
02-09-2025,Gujarat,Bhavnagar,364505,6,1,0
04-09-2025,Gujarat,Bhavnagar,364070,2,0,0
04-09-2025,Gujarat,Bhavnagar,364150,1,1,0
04-09-2025,Gujarat,Bhavnagar,364510,1,2,0
04-09-2025,Gujarat,Bhavnagar,364765,1,0,0
06-09-2025,Gujarat,Bhavnagar,364001,9,0,0
06-09-2025,Gujarat,Bhavnagar,364002,8,3,0
06-09-2025,Gujarat,Bhavnagar,364004,7,0,0
06-09-2025,Gujarat,Bhavnagar,364120,0,1,0
06-09-2025,Gujarat,Bhavnagar,364135,2,0,0
06-09-2025,Gujarat,Bhavnagar,364145,3,1,1
06-09-2025,Gujarat,Bhavnagar,364230,2,0,0
06-09-2025,Gujarat,Bhavnagar,364265,0,0,1
06-09-2025,Gujarat,Bhavnagar,364295,1,0,0
06-09-2025,Gujarat,Bhavnagar,364310,15,1,0
06-09-2025,Gujarat,Bhavnagar,364313,1,0,0
05-09-2025,Gujarat,Bhavnagar,364004,2,0,0
07-09-2025,Gujarat,Bhavnagar,364260,1,0,0
08-09-2025,Gujarat,Bhavnagar,364001,10,1,0
08-09-2025,Gujarat,Bhavnagar,364050,3,0,0
08-09-2025,Gujarat,Bhavnagar,364120,3,0,0
08-09-2025,Gujarat,Bhavnagar,364280,3,1,0
08-09-2025,Gujarat,Bhavnagar,364290,13,1,0
08-09-2025,Gujarat,Bhavnagar,364295,6,3,0
08-09-2025,Gujarat,Bhavnagar,364505,1,2,0
10-09-2025,Gujarat,Bhavnagar,364005,4,0,0
10-09-2025,Gujarat,Bhavnagar,364130,5,0,1
10-09-2025,Gujarat,Bhavnagar,364150,3,2,0
10-09-2025,Gujarat,Bhavnagar,364210,1,0,0
10-09-2025,Gujarat,Bhavnagar,364260,16,3,0
10-09-2025,Gujarat,Bhavnagar,364265,1,1,0
10-09-2025,Gujarat,Bhavnagar,364295,0,1,0
10-09-2025,Gujarat,Bhavnagar,364320,1,0,0
10-09-2025,Gujarat,Bhavnagar,364710,2,0,0
09-09-2025,Gujarat,Bhavnagar,364002,5,1,0
09-09-2025,Gujarat,Bhavnagar,364070,4,1,0
09-09-2025,Gujarat,Bhavnagar,364210,14,1,0
09-09-2025,Gujarat,Bhavnagar,364765,1,1,0
12-09-2025,Gujarat,Bhavnagar,364002,7,0,2
12-09-2025,Gujarat,Bhavnagar,364050,1,0,0
12-09-2025,Gujarat,Bhavnagar,364070,3,1,0
12-09-2025,Gujarat,Bhavnagar,364110,0,1,0
12-09-2025,Gujarat,Bhavnagar,364130,1,1,0
12-09-2025,Gujarat,Bhavnagar,364140,1,2,0
12-09-2025,Gujarat,Bhavnagar,364145,1,0,0
12-09-2025,Gujarat,Bhavnagar,364760,1,0,0
11-09-2025,Gujarat,Bhavnagar,364240,7,2,2
11-09-2025,Gujarat,Bhavnagar,364265,3,0,0
11-09-2025,Gujarat,Bhavnagar,364710,0,1,0
15-09-2025,Gujarat,Bhavnagar,364070,4,1,0
15-09-2025,Gujarat,Bhavnagar,364240,1,2,0
15-09-2025,Gujarat,Bhavnagar,364250,0,3,0
15-09-2025,Gujarat,Bhavnagar,364270,7,0,0
15-09-2025,Gujarat,Bhavnagar,364290,3,1,0
15-09-2025,Gujarat,Bhavnagar,364295,2,0,0
13-09-2025,Gujarat,Bhavnagar,364270,1,0,0
13-09-2025,Gujarat,Bhavnagar,364290,12,2,0
13-09-2025,Gujarat,Bhavnagar,364505,1,0,0
16-09-2025,Gujarat,Bhavnagar,364002,6,1,0
16-09-2025,Gujarat,Bhavnagar,364060,3,0,1
16-09-2025,Gujarat,Bhavnagar,364070,2,0,0
16-09-2025,Gujarat,Bhavnagar,364110,1,0,0
16-09-2025,Gujarat,Bhavnagar,364150,4,2,0
16-09-2025,Gujarat,Bhavnagar,364295,2,0,0
16-09-2025,Gujarat,Bhavnagar,364740,1,0,0
18-09-2025,Gujarat,Bhavnagar,364001,7,3,0
18-09-2025,Gujarat,Bhavnagar,364004,2,1,0
18-09-2025,Gujarat,Bhavnagar,364005,1,0,0
18-09-2025,Gujarat,Bhavnagar,364505,2,0,0
17-09-2025,Gujarat,Bhavnagar,364004,1,0,0
17-09-2025,Gujarat,Bhavnagar,364120,0,1,0
17-09-2025,Gujarat,Bhavnagar,364295,1,0,0
17-09-2025,Gujarat,Bhavnagar,364505,0,1,0
20-09-2025,Gujarat,Bhavnagar,364070,2,0,0
20-09-2025,Gujarat,Bhavnagar,364150,1,0,0
20-09-2025,Gujarat,Bhavnagar,364295,0,1,0
19-09-2025,Gujarat,Bhavnagar,364070,1,0,0
19-09-2025,Gujarat,Bhavnagar,364230,1,0,0
19-09-2025,Gujarat,Bhavnagar,364240,10,2,0
19-09-2025,Gujarat,Bhavnagar,364270,20,1,0
19-09-2025,Gujarat,Bhavnagar,364290,7,1,0
19-09-2025,Gujarat,Bhavnagar,364505,4,0,0
23-09-2025,Gujarat,Bhavnagar,364002,5,1,0
23-09-2025,Gujarat,Bhavnagar,364005,2,0,0
23-09-2025,Gujarat,Bhavnagar,364110,4,0,0
23-09-2025,Gujarat,Bhavnagar,364135,3,0,0
23-09-2025,Gujarat,Bhavnagar,364140,6,4,0
23-09-2025,Gujarat,Bhavnagar,364310,1,0,0
23-09-2025,Gujarat,Bhavnagar,364313,7,0,0
23-09-2025,Gujarat,Bhavnagar,364320,1,0,0
22-09-2025,Gujarat,Bhavnagar,364004,8,0,0
22-09-2025,Gujarat,Bhavnagar,364060,0,1,0
22-09-2025,Gujarat,Bhavnagar,364120,2,0,0
22-09-2025,Gujarat,Bhavnagar,364150,4,0,0
22-09-2025,Gujarat,Bhavnagar,364230,2,0,1
22-09-2025,Gujarat,Bhavnagar,364310,1,0,0
24-09-2025,Gujarat,Bhavnagar,364004,4,0,0
24-09-2025,Gujarat,Bhavnagar,364060,3,0,0
24-09-2025,Gujarat,Bhavnagar,364320,2,0,0
24-09-2025,Gujarat,Bhavnagar,364525,0,1,0
25-09-2025,Gujarat,Bhavnagar,364005,2,0,0
25-09-2025,Gujarat,Bhavnagar,364130,5,2,0
25-09-2025,Gujarat,Bhavnagar,364740,1,0,0
25-09-2025,Gujarat,Bhavnagar,364750,0,1,0
26-09-2025,Gujarat,Bhavnagar,364002,4,0,0
26-09-2025,Gujarat,Bhavnagar,364006,0,1,0
26-09-2025,Gujarat,Bhavnagar,364130,1,0,0
26-09-2025,Gujarat,Bhavnagar,364135,1,0,0
26-09-2025,Gujarat,Bhavnagar,364230,1,2,0
26-09-2025,Gujarat,Bhavnagar,364270,5,0,0
26-09-2025,Gujarat,Bhavnagar,364750,1,0,0
29-09-2025,Gujarat,Bhavnagar,364240,1,0,0
29-09-2025,Gujarat,Bhavnagar,364280,1,0,0
29-09-2025,Gujarat,Bhavnagar,364295,0,1,0
26-10-2025,Gujarat,Bhavnagar,364001,1,0,0
13-10-2025,Gujarat,Bhavnagar,364006,2,0,0
13-10-2025,Gujarat,Bhavnagar,364110,2,0,0
13-10-2025,Gujarat,Bhavnagar,364120,5,0,1
13-10-2025,Gujarat,Bhavnagar,364275,2,0,0
13-10-2025,Gujarat,Bhavnagar,364290,11,0,5
13-10-2025,Gujarat,Bhavnagar,364320,4,0,1
13-10-2025,Gujarat,Bhavnagar,364330,2,0,0
13-10-2025,Gujarat,Bhavnagar,364710,3,1,0
13-10-2025,Gujarat,Bhavnagar,364740,1,1,0
13-10-2025,Gujarat,Bhavnagar,364750,1,2,0
15-10-2025,Gujarat,Bhavnagar,364006,3,0,0
15-10-2025,Gujarat,Bhavnagar,364280,1,0,1
15-10-2025,Gujarat,Bhavnagar,364313,2,0,0
15-10-2025,Gujarat,Bhavnagar,364525,1,0,0
16-10-2025,Gujarat,Bhavnagar,364004,0,0,2
16-10-2025,Gujarat,Bhavnagar,364050,1,0,0
16-10-2025,Gujarat,Bhavnagar,364140,5,1,0
16-10-2025,Gujarat,Bhavnagar,364145,2,0,0
16-10-2025,Gujarat,Bhavnagar,364240,1,0,1
16-10-2025,Gujarat,Bhavnagar,364313,2,0,0
16-10-2025,Gujarat,Bhavnagar,364505,1,0,0
17-10-2025,Gujarat,Bhavnagar,364006,2,0,0
17-10-2025,Gujarat,Bhavnagar,364110,1,0,0
17-10-2025,Gujarat,Bhavnagar,364260,2,0,0
17-10-2025,Gujarat,Bhavnagar,364270,4,0,0
17-10-2025,Gujarat,Bhavnagar,364760,1,0,0
18-10-2025,Gujarat,Bhavnagar,364210,1,0,0
18-10-2025,Gujarat,Bhavnagar,364240,1,1,0
18-10-2025,Gujarat,Bhavnagar,364250,1,0,0
18-10-2025,Gujarat,Bhavnagar,364270,2,0,0
19-10-2025,Gujarat,Bhavnagar,364002,3,1,0
19-10-2025,Gujarat,Bhavnagar,364050,1,1,0
19-10-2025,Gujarat,Bhavnagar,364280,1,0,2
19-10-2025,Gujarat,Bhavnagar,364320,4,0,0
19-10-2025,Gujarat,Bhavnagar,364730,1,0,0
21-10-2025,Gujarat,Bhavnagar,364110,1,0,0
21-10-2025,Gujarat,Bhavnagar,364130,3,0,0
21-10-2025,Gujarat,Bhavnagar,364140,2,1,0
21-10-2025,Gujarat,Bhavnagar,364290,2,0,0
21-10-2025,Gujarat,Bhavnagar,364710,1,0,0
20-10-2025,Gujarat,Bhavnagar,364280,1,0,0
22-10-2025,Gujarat,Bhavnagar,364310,1,0,0
24-10-2025,Gujarat,Bhavnagar,364070,1,0,0
24-10-2025,Gujarat,Bhavnagar,364260,0,1,0
24-10-2025,Gujarat,Bhavnagar,364710,1,0,0
25-10-2025,Gujarat,Bhavnagar,364001,2,0,0
25-10-2025,Gujarat,Bhavnagar,364070,1,0,0
25-10-2025,Gujarat,Bhavnagar,364110,1,0,0
23-10-2025,Gujarat,Bhavnagar,364310,0,0,1
28-10-2025,Gujarat,Bhavnagar,364002,1,1,0
28-10-2025,Gujarat,Bhavnagar,364290,1,0,0
28-10-2025,Gujarat,Bhavnagar,364505,0,0,1
31-10-2025,Gujarat,Bhavnagar,364320,1,0,0
31-10-2025,Gujarat,Bhavnagar,364510,1,0,0
31-10-2025,Gujarat,Bhavnagar,364740,1,0,0
31-10-2025,Gujarat,Bhavnagar,364750,1,0,0
30-10-2025,Gujarat,Bhavnagar,364004,2,0,0
30-10-2025,Gujarat,Bhavnagar,364005,2,0,0
30-10-2025,Gujarat,Bhavnagar,364006,4,0,0
30-10-2025,Gujarat,Bhavnagar,364310,2,0,0
30-10-2025,Gujarat,Bhavnagar,364313,1,0,1
30-10-2025,Gujarat,Bhavnagar,364330,1,0,0
30-10-2025,Gujarat,Bhavnagar,364505,6,0,0
30-10-2025,Gujarat,Bhavnagar,364760,1,0,0
30-10-2025,Gujarat,Bhavnagar,365565,1,0,0
29-10-2025,Gujarat,Bhavnagar,364003,1,0,0
29-10-2025,Gujarat,Bhavnagar,364006,1,0,0
29-10-2025,Gujarat,Bhavnagar,364260,1,0,0
02-11-2025,Gujarat,Bhavnagar,364001,21,1,0
02-11-2025,Gujarat,Bhavnagar,364003,5,0,0
02-11-2025,Gujarat,Bhavnagar,364070,2,0,0
02-11-2025,Gujarat,Bhavnagar,364120,1,0,0
02-11-2025,Gujarat,Bhavnagar,364145,7,0,0
02-11-2025,Gujarat,Bhavnagar,364150,2,0,0
02-11-2025,Gujarat,Bhavnagar,364250,1,0,0
02-11-2025,Gujarat,Bhavnagar,364290,11,2,0
02-11-2025,Gujarat,Bhavnagar,364295,2,0,0
02-11-2025,Gujarat,Bhavnagar,364310,1,0,0
01-11-2025,Gujarat,Bhavnagar,364240,1,0,0
03-11-2025,Gujarat,Bhavnagar,364001,4,1,0
03-11-2025,Gujarat,Bhavnagar,364110,1,0,0
03-11-2025,Gujarat,Bhavnagar,364140,2,0,0
03-11-2025,Gujarat,Bhavnagar,364260,0,0,1
03-11-2025,Gujarat,Bhavnagar,364270,4,1,0
12-11-2025,Gujarat,Bhavnagar,364003,3,0,0
12-11-2025,Gujarat,Bhavnagar,364130,1,2,0
12-11-2025,Gujarat,Bhavnagar,364135,2,0,0
12-11-2025,Gujarat,Bhavnagar,364275,0,0,1
12-11-2025,Gujarat,Bhavnagar,364280,0,2,0
12-11-2025,Gujarat,Bhavnagar,364330,3,0,0
12-11-2025,Gujarat,Bhavnagar,365565,1,0,0
13-11-2025,Gujarat,Bhavnagar,364002,3,4,0
13-11-2025,Gujarat,Bhavnagar,364120,2,0,0
13-11-2025,Gujarat,Bhavnagar,364130,1,1,0
13-11-2025,Gujarat,Bhavnagar,364505,2,0,0
13-11-2025,Gujarat,Bhavnagar,364750,1,0,0
11-11-2025,Gujarat,Bhavnagar,364004,4,0,0
11-11-2025,Gujarat,Bhavnagar,364270,4,1,0
16-11-2025,Gujarat,Bhavnagar,364050,1,0,0
16-11-2025,Gujarat,Bhavnagar,364070,5,0,0
16-11-2025,Gujarat,Bhavnagar,364130,1,1,0
16-11-2025,Gujarat,Bhavnagar,364145,2,0,0
16-11-2025,Gujarat,Bhavnagar,364230,5,3,0
16-11-2025,Gujarat,Bhavnagar,364310,7,1,0
16-11-2025,Gujarat,Bhavnagar,364505,7,0,0
16-11-2025,Gujarat,Bhavnagar,364710,2,0,0
16-11-2025,Gujarat,Bhavnagar,364760,3,0,0
16-11-2025,Gujarat,Bhavnagar,364765,1,0,0
17-11-2025,Gujarat,Bhavnagar,364002,7,0,0
17-11-2025,Gujarat,Bhavnagar,364050,1,1,0
17-11-2025,Gujarat,Bhavnagar,364130,3,0,0
17-11-2025,Gujarat,Bhavnagar,364150,2,0,0
17-11-2025,Gujarat,Bhavnagar,364265,1,0,0
17-11-2025,Gujarat,Bhavnagar,364320,1,0,0
17-11-2025,Gujarat,Bhavnagar,364505,1,0,0
17-11-2025,Gujarat,Bhavnagar,364510,0,0,1
25-11-2025,Gujarat,Bhavnagar,364006,4,0,0
25-11-2025,Gujarat,Bhavnagar,364140,6,0,0
25-11-2025,Gujarat,Bhavnagar,364210,1,0,0
25-11-2025,Gujarat,Bhavnagar,364240,5,0,0
25-11-2025,Gujarat,Bhavnagar,364290,12,0,0
25-11-2025,Gujarat,Bhavnagar,364313,1,0,0
25-11-2025,Gujarat,Bhavnagar,364505,1,0,0
15-12-2025,Gujarat,Bhavnagar,364260,3,0,0
15-12-2025,Gujarat,Bhavnagar,364295,1,2,0
15-12-2025,Gujarat,Bhavnagar,364710,1,3,0
21-12-2025,Gujarat,Bhavnagar,364004,4,0,0
21-12-2025,Gujarat,Bhavnagar,364270,17,0,0
21-12-2025,Gujarat,Bhavnagar,364295,3,0,0
21-12-2025,Gujarat,Bhavnagar,364310,2,0,0
21-12-2025,Gujarat,Bhavnagar,364320,2,0,0
21-12-2025,Gujarat,Bhavnagar,364330,3,0,0
21-12-2025,Gujarat,Bhavnagar,364505,2,0,0
05-11-2025,Gujarat,Bhavnagar,364004,2,0,0
05-11-2025,Gujarat,Bhavnagar,364275,2,0,0
05-11-2025,Gujarat,Bhavnagar,364760,1,0,0
06-11-2025,Gujarat,Bhavnagar,364060,2,0,0
06-11-2025,Gujarat,Bhavnagar,364070,1,0,0
06-11-2025,Gujarat,Bhavnagar,364145,1,0,0
06-11-2025,Gujarat,Bhavnagar,364150,3,0,1
06-11-2025,Gujarat,Bhavnagar,364270,2,1,0
06-11-2025,Gujarat,Bhavnagar,364330,2,0,0
06-11-2025,Gujarat,Bhavnagar,364510,1,0,0
07-11-2025,Gujarat,Bhavnagar,364001,11,0,0
07-11-2025,Gujarat,Bhavnagar,364110,8,0,0
08-11-2025,Gujarat,Bhavnagar,364265,2,0,0
08-11-2025,Gujarat,Bhavnagar,364270,3,2,0
08-11-2025,Gujarat,Bhavnagar,364313,4,0,0
09-11-2025,Gujarat,Bhavnagar,364006,7,0,0
09-11-2025,Gujarat,Bhavnagar,364060,7,2,0
09-11-2025,Gujarat,Bhavnagar,364135,1,0,0
09-11-2025,Gujarat,Bhavnagar,364250,1,0,0
09-11-2025,Gujarat,Bhavnagar,364265,3,0,0
09-11-2025,Gujarat,Bhavnagar,364275,1,0,0
09-11-2025,Gujarat,Bhavnagar,364295,7,0,0
10-11-2025,Gujarat,Bhavnagar,364120,3,0,0
10-11-2025,Gujarat,Bhavnagar,364275,3,0,0
15-11-2025,Gujarat,Bhavnagar,364120,3,1,0
15-11-2025,Gujarat,Bhavnagar,364130,4,0,0
15-11-2025,Gujarat,Bhavnagar,364145,6,0,0
15-11-2025,Gujarat,Bhavnagar,364290,24,1,0
15-11-2025,Gujarat,Bhavnagar,364740,1,0,0
15-11-2025,Gujarat,Bhavnagar,364750,8,0,0
14-11-2025,Gujarat,Bhavnagar,364004,1,0,0
14-11-2025,Gujarat,Bhavnagar,364250,6,0,0
14-11-2025,Gujarat,Bhavnagar,364260,1,0,0
14-11-2025,Gujarat,Bhavnagar,364310,3,0,0
19-11-2025,Gujarat,Bhavnagar,364005,2,0,0
19-11-2025,Gujarat,Bhavnagar,364110,1,0,0
19-11-2025,Gujarat,Bhavnagar,364140,4,0,0
19-11-2025,Gujarat,Bhavnagar,364265,2,0,0
19-11-2025,Gujarat,Bhavnagar,364275,1,0,0
19-11-2025,Gujarat,Bhavnagar,364313,1,0,0
18-11-2025,Gujarat,Bhavnagar,364004,6,1,0
18-11-2025,Gujarat,Bhavnagar,364005,1,0,0
18-11-2025,Gujarat,Bhavnagar,364006,4,0,0
18-11-2025,Gujarat,Bhavnagar,364050,1,1,0
18-11-2025,Gujarat,Bhavnagar,364110,1,0,0
18-11-2025,Gujarat,Bhavnagar,364250,1,1,0
18-11-2025,Gujarat,Bhavnagar,364275,3,0,0
18-11-2025,Gujarat,Bhavnagar,364280,2,2,0
18-11-2025,Gujarat,Bhavnagar,364310,2,0,0
23-12-2025,Gujarat,Bhavnagar,364002,6,0,0
23-12-2025,Gujarat,Bhavnagar,364110,3,0,0
23-12-2025,Gujarat,Bhavnagar,364140,3,0,0
23-12-2025,Gujarat,Bhavnagar,364150,4,0,0
23-12-2025,Gujarat,Bhavnagar,364320,7,0,0
23-12-2025,Gujarat,Bhavnagar,364710,2,0,0
22-12-2025,Gujarat,Bhavnagar,364060,12,0,0
22-12-2025,Gujarat,Bhavnagar,364270,45,0,0
25-12-2025,Gujarat,Bhavnagar,364006,1,0,0
25-12-2025,Gujarat,Bhavnagar,364070,2,0,0
25-12-2025,Gujarat,Bhavnagar,364230,5,0,0
25-12-2025,Gujarat,Bhavnagar,364260,1,0,4
25-12-2025,Gujarat,Bhavnagar,364265,1,0,0
25-12-2025,Gujarat,Bhavnagar,364270,11,2,0
25-12-2025,Gujarat,Bhavnagar,364275,2,0,0
25-12-2025,Gujarat,Bhavnagar,364320,2,0,0
24-12-2025,Gujarat,Bhavnagar,364001,10,0,0
24-12-2025,Gujarat,Bhavnagar,364002,4,2,1
24-12-2025,Gujarat,Bhavnagar,364060,4,0,0
24-12-2025,Gujarat,Bhavnagar,364110,2,0,0
24-12-2025,Gujarat,Bhavnagar,364210,1,0,0
24-12-2025,Gujarat,Bhavnagar,364280,3,2,1
27-12-2025,Gujarat,Bhavnagar,364002,1,0,0
27-12-2025,Gujarat,Bhavnagar,364145,1,0,0
27-12-2025,Gujarat,Bhavnagar,364230,5,0,0
27-12-2025,Gujarat,Bhavnagar,364310,2,0,0
27-12-2025,Gujarat,Bhavnagar,364313,1,0,0
26-12-2025,Gujarat,Bhavnagar,364004,2,0,0
26-12-2025,Gujarat,Bhavnagar,364005,2,0,0
26-12-2025,Gujarat,Bhavnagar,364130,1,0,0
26-12-2025,Gujarat,Bhavnagar,364260,1,0,0
26-12-2025,Gujarat,Bhavnagar,364270,1,0,0
26-12-2025,Gujarat,Bhavnagar,364320,1,0,0
28-12-2025,Gujarat,Bhavnagar,364510,2,0,0
28-12-2025,Gujarat,Bhavnagar,364710,1,0,0
29-12-2025,Gujarat,Bhavnagar,364002,5,0,0
29-12-2025,Gujarat,Bhavnagar,364004,5,0,0
29-12-2025,Gujarat,Bhavnagar,364060,5,0,0
29-12-2025,Gujarat,Bhavnagar,364070,1,0,0
29-12-2025,Gujarat,Bhavnagar,364120,1,1,0
29-12-2025,Gujarat,Bhavnagar,364145,1,0,0
29-12-2025,Gujarat,Bhavnagar,364280,4,2,0
01-01-2026,Gujarat,Bhavnagar,364003,5,1,0
01-01-2026,Gujarat,Bhavnagar,364050,6,0,0
01-01-2026,Gujarat,Bhavnagar,364070,6,0,0
01-01-2026,Gujarat,Bhavnagar,364140,4,1,0
01-01-2026,Gujarat,Bhavnagar,364150,2,2,0
01-01-2026,Gujarat,Bhavnagar,364295,5,0,0
01-01-2026,Gujarat,Bhavnagar,364313,0,0,1
01-01-2026,Gujarat,Bhavnagar,364330,2,0,0
01-01-2026,Gujarat,Bhavnagar,364510,1,0,0
01-01-2026,Gujarat,Bhavnagar,364710,2,0,0
31-12-2025,Gujarat,Bhavnagar,364004,5,2,0
31-12-2025,Gujarat,Bhavnagar,364050,8,0,0
31-12-2025,Gujarat,Bhavnagar,364135,1,0,0
31-12-2025,Gujarat,Bhavnagar,364210,1,2,0
31-12-2025,Gujarat,Bhavnagar,364240,9,4,0
31-12-2025,Gujarat,Bhavnagar,364275,1,0,0
31-12-2025,Gujarat,Bhavnagar,364525,1,1,0
03-01-2026,Gujarat,Bhavnagar,364070,0,1,0
03-01-2026,Gujarat,Bhavnagar,364505,1,0,0
03-01-2026,Gujarat,Bhavnagar,364510,0,2,0
02-01-2026,Gujarat,Bhavnagar,364135,1,0,0
02-01-2026,Gujarat,Bhavnagar,364140,6,1,0
02-01-2026,Gujarat,Bhavnagar,364230,12,1,0
02-01-2026,Gujarat,Bhavnagar,364240,7,1,2
02-01-2026,Gujarat,Bhavnagar,364265,2,0,0
02-01-2026,Gujarat,Bhavnagar,364275,2,0,0
02-01-2026,Gujarat,Bhavnagar,364295,6,0,1
02-01-2026,Gujarat,Bhavnagar,364313,2,1,0
02-01-2026,Gujarat,Bhavnagar,364720,0,1,0
09-06-2025,Gujarat,Bhavnagar,364240,10,2,1
09-06-2025,Gujarat,Bhavnagar,364265,3,0,0
09-06-2025,Gujarat,Bhavnagar,364270,6,2,0
09-06-2025,Gujarat,Bhavnagar,364310,5,1,0
09-06-2025,Gujarat,Bhavnagar,364505,3,2,0
09-06-2025,Gujarat,Bhavnagar,364510,3,3,0
11-06-2025,Gujarat,Bhavnagar,364002,6,1,1
11-06-2025,Gujarat,Bhavnagar,364003,2,0,0
11-06-2025,Gujarat,Bhavnagar,364070,4,0,0
11-06-2025,Gujarat,Bhavnagar,364130,1,0,0
11-06-2025,Gujarat,Bhavnagar,364150,2,1,0
11-06-2025,Gujarat,Bhavnagar,364310,3,1,0
11-06-2025,Gujarat,Bhavnagar,364740,0,1,0
10-06-2025,Gujarat,Bhavnagar,364050,2,1,0
10-06-2025,Gujarat,Bhavnagar,364110,0,2,0
10-06-2025,Gujarat,Bhavnagar,364120,1,0,0
10-06-2025,Gujarat,Bhavnagar,364130,7,2,0
10-06-2025,Gujarat,Bhavnagar,364230,0,2,0
10-06-2025,Gujarat,Bhavnagar,364295,2,1,0
10-06-2025,Gujarat,Bhavnagar,364310,3,2,0
10-06-2025,Gujarat,Bhavnagar,364330,2,1,0
10-06-2025,Gujarat,Bhavnagar,364510,1,0,0
10-06-2025,Gujarat,Bhavnagar,364750,15,1,0
10-06-2025,Gujarat,Bhavnagar,365565,3,0,0
13-06-2025,Gujarat,Bhavnagar,364060,1,1,0
13-06-2025,Gujarat,Bhavnagar,364230,1,1,0
13-06-2025,Gujarat,Bhavnagar,364720,0,1,0
13-06-2025,Gujarat,Bhavnagar,364730,1,0,0
12-06-2025,Gujarat,Bhavnagar,364004,1,0,0
12-06-2025,Gujarat,Bhavnagar,364060,2,2,1
12-06-2025,Gujarat,Bhavnagar,364130,4,0,0
12-06-2025,Gujarat,Bhavnagar,364135,0,1,0
12-06-2025,Gujarat,Bhavnagar,364150,2,2,0
12-06-2025,Gujarat,Bhavnagar,364260,1,1,0
12-06-2025,Gujarat,Bhavnagar,364290,15,2,0
12-06-2025,Gujarat,Bhavnagar,364320,0,2,0
12-06-2025,Gujarat,Bhavnagar,364330,1,0,0
12-06-2025,Gujarat,Bhavnagar,364525,1,0,0
12-06-2025,Gujarat,Bhavnagar,364710,7,3,0
12-06-2025,Gujarat,Bhavnagar,364750,1,2,0
14-06-2025,Gujarat,Bhavnagar,364003,0,1,0
14-06-2025,Gujarat,Bhavnagar,364260,1,0,0
14-06-2025,Gujarat,Bhavnagar,364295,3,0,0
14-06-2025,Gujarat,Bhavnagar,364710,1,0,0
16-06-2025,Gujarat,Bhavnagar,364004,3,1,0
16-06-2025,Gujarat,Bhavnagar,364006,3,1,0
16-06-2025,Gujarat,Bhavnagar,364060,1,1,0
16-06-2025,Gujarat,Bhavnagar,364135,1,0,0
16-06-2025,Gujarat,Bhavnagar,364280,0,1,0
17-06-2025,Gujarat,Bhavnagar,364001,8,3,0
17-06-2025,Gujarat,Bhavnagar,364002,4,1,0
17-06-2025,Gujarat,Bhavnagar,364135,2,2,0
17-06-2025,Gujarat,Bhavnagar,364270,1,1,0
17-06-2025,Gujarat,Bhavnagar,364290,7,5,0
17-06-2025,Gujarat,Bhavnagar,364505,0,1,0
15-06-2025,Gujarat,Bhavnagar,364275,1,0,0
19-06-2025,Gujarat,Bhavnagar,364002,4,1,2
19-06-2025,Gujarat,Bhavnagar,364005,1,0,0
19-06-2025,Gujarat,Bhavnagar,364006,5,1,1
19-06-2025,Gujarat,Bhavnagar,364050,4,3,0
19-06-2025,Gujarat,Bhavnagar,364140,10,3,1
19-06-2025,Gujarat,Bhavnagar,364210,1,0,0
19-06-2025,Gujarat,Bhavnagar,364525,1,1,0
19-06-2025,Gujarat,Bhavnagar,364760,1,1,0
18-06-2025,Gujarat,Bhavnagar,364002,3,2,0
18-06-2025,Gujarat,Bhavnagar,364270,4,1,0
18-06-2025,Gujarat,Bhavnagar,364330,1,0,0
01-09-2025,Gujarat,Bhavnagar,364001,8,3,0
01-09-2025,Gujarat,Bhavnagar,364110,1,0,0
01-09-2025,Gujarat,Bhavnagar,364295,1,0,3
01-09-2025,Gujarat,Bhavnagar,364710,0,2,0
03-09-2025,Gujarat,Bhavnagar,364070,3,1,0
03-09-2025,Gujarat,Bhavnagar,364210,1,1,0
03-09-2025,Gujarat,Bhavnagar,364510,4,0,0
03-09-2025,Gujarat,Bhavnagar,364525,1,0,0
04-09-2025,Gujarat,Bhavnagar,364004,4,0,0
04-09-2025,Gujarat,Bhavnagar,364145,0,1,0
04-09-2025,Gujarat,Bhavnagar,364230,0,1,0
04-09-2025,Gujarat,Bhavnagar,364265,1,0,0
04-09-2025,Gujarat,Bhavnagar,364290,8,2,0
04-09-2025,Gujarat,Bhavnagar,364295,2,0,0
04-09-2025,Gujarat,Bhavnagar,364505,2,0,0
04-09-2025,Gujarat,Bhavnagar,364710,1,0,0
04-09-2025,Gujarat,Bhavnagar,365565,0,0,1
02-09-2025,Gujarat,Bhavnagar,364004,8,0,0
02-09-2025,Gujarat,Bhavnagar,364081,0,1,0
02-09-2025,Gujarat,Bhavnagar,364230,7,0,0
02-09-2025,Gujarat,Bhavnagar,364295,7,1,1
02-09-2025,Gujarat,Bhavnagar,364313,0,1,0
02-09-2025,Gujarat,Bhavnagar,364330,2,2,0
02-09-2025,Gujarat,Bhavnagar,364525,0,1,0
05-09-2025,Gujarat,Bhavnagar,364310,2,0,0
06-09-2025,Gujarat,Bhavnagar,364130,2,2,0
06-09-2025,Gujarat,Bhavnagar,364140,1,0,0
06-09-2025,Gujarat,Bhavnagar,364240,7,0,1
06-09-2025,Gujarat,Bhavnagar,364260,5,0,0
06-09-2025,Gujarat,Bhavnagar,364710,1,0,0
07-09-2025,Gujarat,Bhavnagar,364001,1,0,0
07-09-2025,Gujarat,Bhavnagar,364120,2,0,0
07-09-2025,Gujarat,Bhavnagar,364150,0,1,0
10-09-2025,Gujarat,Bhavnagar,364002,2,0,2
10-09-2025,Gujarat,Bhavnagar,364140,7,6,0
10-09-2025,Gujarat,Bhavnagar,364230,3,0,0
10-09-2025,Gujarat,Bhavnagar,364240,10,0,2
10-09-2025,Gujarat,Bhavnagar,364505,5,0,0
08-09-2025,Gujarat,Bhavnagar,364004,5,1,0
08-09-2025,Gujarat,Bhavnagar,364060,4,0,0
08-09-2025,Gujarat,Bhavnagar,364250,0,1,0
08-09-2025,Gujarat,Bhavnagar,364260,5,7,1
08-09-2025,Gujarat,Bhavnagar,364320,3,0,0
08-09-2025,Gujarat,Bhavnagar,364510,2,2,1
09-09-2025,Gujarat,Bhavnagar,364005,1,1,0
09-09-2025,Gujarat,Bhavnagar,364006,2,0,0
09-09-2025,Gujarat,Bhavnagar,364050,1,0,0
09-09-2025,Gujarat,Bhavnagar,364120,2,2,0
09-09-2025,Gujarat,Bhavnagar,364230,3,0,0
09-09-2025,Gujarat,Bhavnagar,364270,3,1,0
09-09-2025,Gujarat,Bhavnagar,364290,14,3,0
09-09-2025,Gujarat,Bhavnagar,364310,4,0,0
09-09-2025,Gujarat,Bhavnagar,364750,1,0,0
09-09-2025,Gujarat,Bhavnagar,364760,11,0,0
12-09-2025,Gujarat,Bhavnagar,364004,9,3,0
12-09-2025,Gujarat,Bhavnagar,364006,0,1,0
12-09-2025,Gujarat,Bhavnagar,364081,1,0,0
12-09-2025,Gujarat,Bhavnagar,364120,5,0,0
12-09-2025,Gujarat,Bhavnagar,364150,27,2,0
12-09-2025,Gujarat,Bhavnagar,364320,3,0,0
12-09-2025,Gujarat,Bhavnagar,364510,0,1,0
11-09-2025,Gujarat,Bhavnagar,364006,5,1,0
11-09-2025,Gujarat,Bhavnagar,364110,1,0,0
11-09-2025,Gujarat,Bhavnagar,364130,3,1,1
11-09-2025,Gujarat,Bhavnagar,364310,3,0,0
11-09-2025,Gujarat,Bhavnagar,364320,3,0,0
11-09-2025,Gujarat,Bhavnagar,364510,5,1,0
11-09-2025,Gujarat,Bhavnagar,364730,0,1,0
11-09-2025,Gujarat,Bhavnagar,364002,4,0,0
14-09-2025,Gujarat,Bhavnagar,364313,1,0,0
15-09-2025,Gujarat,Bhavnagar,364050,1,0,0
15-09-2025,Gujarat,Bhavnagar,364275,1,0,0
15-09-2025,Gujarat,Bhavnagar,364313,2,0,0
15-09-2025,Gujarat,Bhavnagar,364320,4,0,0
15-09-2025,Gujarat,Bhavnagar,364750,1,0,0
13-09-2025,Gujarat,Bhavnagar,364001,4,0,0
13-09-2025,Gujarat,Bhavnagar,364002,2,0,0
13-09-2025,Gujarat,Bhavnagar,364004,3,0,0
13-09-2025,Gujarat,Bhavnagar,364110,1,0,0
13-09-2025,Gujarat,Bhavnagar,364120,0,1,0
13-09-2025,Gujarat,Bhavnagar,364140,1,0,0
13-09-2025,Gujarat,Bhavnagar,364230,2,0,0
13-09-2025,Gujarat,Bhavnagar,364295,1,2,0
13-09-2025,Gujarat,Bhavnagar,364310,1,0,0
13-09-2025,Gujarat,Bhavnagar,364313,1,0,0
13-09-2025,Gujarat,Bhavnagar,364710,1,0,0
16-09-2025,Gujarat,Bhavnagar,364004,2,0,0
16-09-2025,Gujarat,Bhavnagar,364310,1,0,0
16-09-2025,Gujarat,Bhavnagar,364313,1,0,0
16-09-2025,Gujarat,Bhavnagar,364710,1,1,0
16-09-2025,Gujarat,Bhavnagar,364750,3,1,0
18-09-2025,Gujarat,Bhavnagar,364130,1,1,0
18-09-2025,Gujarat,Bhavnagar,364145,4,0,0
18-09-2025,Gujarat,Bhavnagar,364240,3,1,1
18-09-2025,Gujarat,Bhavnagar,364280,1,2,0
17-09-2025,Gujarat,Bhavnagar,364002,2,2,0
17-09-2025,Gujarat,Bhavnagar,364003,2,0,0
17-09-2025,Gujarat,Bhavnagar,364060,0,1,0
17-09-2025,Gujarat,Bhavnagar,364140,1,2,0
17-09-2025,Gujarat,Bhavnagar,364280,1,0,0
17-09-2025,Gujarat,Bhavnagar,364750,1,0,0
20-09-2025,Gujarat,Bhavnagar,364001,8,2,0
20-09-2025,Gujarat,Bhavnagar,364002,2,0,0
20-09-2025,Gujarat,Bhavnagar,364004,1,0,0
20-09-2025,Gujarat,Bhavnagar,364130,5,0,0
20-09-2025,Gujarat,Bhavnagar,364260,1,0,0
20-09-2025,Gujarat,Bhavnagar,364270,5,0,0
20-09-2025,Gujarat,Bhavnagar,364310,1,0,0
20-09-2025,Gujarat,Bhavnagar,364510,1,1,0
19-09-2025,Gujarat,Bhavnagar,364003,4,0,0
19-09-2025,Gujarat,Bhavnagar,364004,4,1,0
19-09-2025,Gujarat,Bhavnagar,364006,3,0,0
19-09-2025,Gujarat,Bhavnagar,364135,0,1,0
19-09-2025,Gujarat,Bhavnagar,364710,2,1,0
23-09-2025,Gujarat,Bhavnagar,364003,2,0,0
23-09-2025,Gujarat,Bhavnagar,364006,3,0,0
23-09-2025,Gujarat,Bhavnagar,364130,4,0,0
23-09-2025,Gujarat,Bhavnagar,364150,2,1,0
23-09-2025,Gujarat,Bhavnagar,364260,1,1,0
23-09-2025,Gujarat,Bhavnagar,364265,1,0,0
23-09-2025,Gujarat,Bhavnagar,364270,6,0,0
23-09-2025,Gujarat,Bhavnagar,364290,5,0,0
23-09-2025,Gujarat,Bhavnagar,364330,1,0,0
23-09-2025,Gujarat,Bhavnagar,364505,1,2,0
23-09-2025,Gujarat,Bhavnagar,364710,2,0,0
23-09-2025,Gujarat,Bhavnagar,364740,1,3,0
23-09-2025,Gujarat,Bhavnagar,365565,0,1,0
22-09-2025,Gujarat,Bhavnagar,364110,1,0,0
22-09-2025,Gujarat,Bhavnagar,364135,1,0,0
22-09-2025,Gujarat,Bhavnagar,364280,1,2,0
26-09-2025,Gujarat,Bhavnagar,364145,3,1,0
26-09-2025,Gujarat,Bhavnagar,364150,8,0,0
26-09-2025,Gujarat,Bhavnagar,364210,1,0,0
26-09-2025,Gujarat,Bhavnagar,364240,6,1,0
25-09-2025,Gujarat,Bhavnagar,364003,3,0,0
25-09-2025,Gujarat,Bhavnagar,364004,1,1,0
25-09-2025,Gujarat,Bhavnagar,364081,0,1,0
25-09-2025,Gujarat,Bhavnagar,364120,1,0,0
25-09-2025,Gujarat,Bhavnagar,364505,1,1,0
24-09-2025,Gujarat,Bhavnagar,364120,1,0,0
24-09-2025,Gujarat,Bhavnagar,364240,1,2,1
24-09-2025,Gujarat,Bhavnagar,364265,1,0,0
24-09-2025,Gujarat,Bhavnagar,364295,1,0,0
24-09-2025,Gujarat,Bhavnagar,364730,1,0,0
29-09-2025,Gujarat,Bhavnagar,364145,0,1,0
29-09-2025,Gujarat,Bhavnagar,364265,1,0,0
26-10-2025,Gujarat,Bhavnagar,364150,0,1,0
13-10-2025,Gujarat,Bhavnagar,364004,1,2,0
13-10-2025,Gujarat,Bhavnagar,364060,7,0,0
13-10-2025,Gujarat,Bhavnagar,364145,3,2,3
13-10-2025,Gujarat,Bhavnagar,364240,8,0,0
13-10-2025,Gujarat,Bhavnagar,364280,3,1,1
13-10-2025,Gujarat,Bhavnagar,364295,0,1,7
13-10-2025,Gujarat,Bhavnagar,364510,2,0,0
16-10-2025,Gujarat,Bhavnagar,364006,2,0,0
16-10-2025,Gujarat,Bhavnagar,364135,3,0,0
16-10-2025,Gujarat,Bhavnagar,364280,1,1,0
16-10-2025,Gujarat,Bhavnagar,364290,6,0,0
16-10-2025,Gujarat,Bhavnagar,364295,2,1,0
16-10-2025,Gujarat,Bhavnagar,364310,2,0,0
15-10-2025,Gujarat,Bhavnagar,364070,1,0,0
15-10-2025,Gujarat,Bhavnagar,364130,4,0,1
15-10-2025,Gujarat,Bhavnagar,364150,6,0,1
15-10-2025,Gujarat,Bhavnagar,364295,2,0,3
15-10-2025,Gujarat,Bhavnagar,364310,3,0,0
15-10-2025,Gujarat,Bhavnagar,364510,3,1,0
18-10-2025,Gujarat,Bhavnagar,364050,2,0,0
18-10-2025,Gujarat,Bhavnagar,364120,1,0,0
18-10-2025,Gujarat,Bhavnagar,364140,3,0,0
18-10-2025,Gujarat,Bhavnagar,364150,3,0,1
18-10-2025,Gujarat,Bhavnagar,364260,1,0,0
18-10-2025,Gujarat,Bhavnagar,364310,3,0,0
18-10-2025,Gujarat,Bhavnagar,364760,1,0,0
17-10-2025,Gujarat,Bhavnagar,364060,5,1,0
17-10-2025,Gujarat,Bhavnagar,364320,1,0,0
19-10-2025,Gujarat,Bhavnagar,364001,3,1,0
19-10-2025,Gujarat,Bhavnagar,364004,4,0,0
19-10-2025,Gujarat,Bhavnagar,364140,9,0,0
19-10-2025,Gujarat,Bhavnagar,364240,7,0,0
19-10-2025,Gujarat,Bhavnagar,364270,5,0,0
24-10-2025,Gujarat,Bhavnagar,364140,3,0,0
24-10-2025,Gujarat,Bhavnagar,364210,2,0,0
24-10-2025,Gujarat,Bhavnagar,364230,1,0,0
24-10-2025,Gujarat,Bhavnagar,364275,1,0,0
24-10-2025,Gujarat,Bhavnagar,364290,3,1,0
24-10-2025,Gujarat,Bhavnagar,364505,2,0,0
21-10-2025,Gujarat,Bhavnagar,364240,3,0,0
21-10-2025,Gujarat,Bhavnagar,364330,1,0,0
25-10-2025,Gujarat,Bhavnagar,364050,0,1,0
25-10-2025,Gujarat,Bhavnagar,364140,2,0,0
25-10-2025,Gujarat,Bhavnagar,364240,1,1,0
28-10-2025,Gujarat,Bhavnagar,364001,0,0,2
28-10-2025,Gujarat,Bhavnagar,364710,1,0,0
29-10-2025,Gujarat,Bhavnagar,364002,1,0,0
30-10-2025,Gujarat,Bhavnagar,364060,5,0,2
31-10-2025,Gujarat,Bhavnagar,364060,1,0,0
31-10-2025,Gujarat,Bhavnagar,364070,1,0,0
31-10-2025,Gujarat,Bhavnagar,364145,1,0,0
31-10-2025,Gujarat,Bhavnagar,364290,4,0,0
02-11-2025,Gujarat,Bhavnagar,364140,7,0,0
02-11-2025,Gujarat,Bhavnagar,364270,8,0,0
11-11-2025,Gujarat,Bhavnagar,364050,2,1,0
11-11-2025,Gujarat,Bhavnagar,364060,1,0,0
11-11-2025,Gujarat,Bhavnagar,364140,4,0,0
11-11-2025,Gujarat,Bhavnagar,364145,2,0,0
11-11-2025,Gujarat,Bhavnagar,364240,4,1,0
11-11-2025,Gujarat,Bhavnagar,364275,1,0,0
11-11-2025,Gujarat,Bhavnagar,364290,2,1,1
11-11-2025,Gujarat,Bhavnagar,364330,1,0,0
11-11-2025,Gujarat,Bhavnagar,364765,2,0,0
12-11-2025,Gujarat,Bhavnagar,364060,7,1,0
12-11-2025,Gujarat,Bhavnagar,364070,3,0,0
12-11-2025,Gujarat,Bhavnagar,364110,6,0,0
12-11-2025,Gujarat,Bhavnagar,364140,4,0,1
12-11-2025,Gujarat,Bhavnagar,364310,7,0,0
12-11-2025,Gujarat,Bhavnagar,364320,1,1,0
12-11-2025,Gujarat,Bhavnagar,364510,2,0,0
12-11-2025,Gujarat,Bhavnagar,364710,2,0,0
12-11-2025,Gujarat,Bhavnagar,364750,1,0,0
17-11-2025,Gujarat,Bhavnagar,364003,3,0,1
17-11-2025,Gujarat,Bhavnagar,364140,1,0,0
17-11-2025,Gujarat,Bhavnagar,364290,12,2,0
17-11-2025,Gujarat,Bhavnagar,364313,1,0,0
17-11-2025,Gujarat,Bhavnagar,364740,1,1,0
16-11-2025,Gujarat,Bhavnagar,364001,28,2,0
16-11-2025,Gujarat,Bhavnagar,364006,5,1,0
16-11-2025,Gujarat,Bhavnagar,364120,1,2,0
16-11-2025,Gujarat,Bhavnagar,364240,11,0,0
16-11-2025,Gujarat,Bhavnagar,364270,6,1,0
16-11-2025,Gujarat,Bhavnagar,364320,2,0,0
16-11-2025,Gujarat,Bhavnagar,365565,1,0,0
25-11-2025,Gujarat,Bhavnagar,364230,3,0,0
25-11-2025,Gujarat,Bhavnagar,364720,1,0,0
15-12-2025,Gujarat,Bhavnagar,364001,19,1,0
15-12-2025,Gujarat,Bhavnagar,364003,3,0,0
15-12-2025,Gujarat,Bhavnagar,364004,10,0,0
15-12-2025,Gujarat,Bhavnagar,364005,1,1,0
05-11-2025,Gujarat,Bhavnagar,364050,1,1,0
05-11-2025,Gujarat,Bhavnagar,364150,7,0,0
05-11-2025,Gujarat,Bhavnagar,364260,1,1,0
05-11-2025,Gujarat,Bhavnagar,364280,1,0,0
05-11-2025,Gujarat,Bhavnagar,364313,2,2,0
05-11-2025,Gujarat,Bhavnagar,364510,1,0,0
05-11-2025,Gujarat,Bhavnagar,364765,1,0,0
03-11-2025,Gujarat,Bhavnagar,364070,1,0,0
03-11-2025,Gujarat,Bhavnagar,364120,2,0,0
03-11-2025,Gujarat,Bhavnagar,364295,1,0,0
08-11-2025,Gujarat,Bhavnagar,364110,4,0,0
08-11-2025,Gujarat,Bhavnagar,364140,1,0,3
08-11-2025,Gujarat,Bhavnagar,364250,1,0,0
08-11-2025,Gujarat,Bhavnagar,364330,1,0,0
07-11-2025,Gujarat,Bhavnagar,364140,3,0,1
07-11-2025,Gujarat,Bhavnagar,364230,2,0,0
07-11-2025,Gujarat,Bhavnagar,364270,2,0,0
06-11-2025,Gujarat,Bhavnagar,364003,1,0,0
06-11-2025,Gujarat,Bhavnagar,364110,1,0,0
10-11-2025,Gujarat,Bhavnagar,364004,0,1,0
10-11-2025,Gujarat,Bhavnagar,364006,1,0,0
10-11-2025,Gujarat,Bhavnagar,364150,1,0,0
10-11-2025,Gujarat,Bhavnagar,364210,1,1,0
09-11-2025,Gujarat,Bhavnagar,364050,1,0,0
09-11-2025,Gujarat,Bhavnagar,364210,1,0,0
09-11-2025,Gujarat,Bhavnagar,364320,1,0,0
09-11-2025,Gujarat,Bhavnagar,364330,5,0,0
09-11-2025,Gujarat,Bhavnagar,364505,8,0,0
14-11-2025,Gujarat,Bhavnagar,364006,1,0,0
14-11-2025,Gujarat,Bhavnagar,364280,3,2,0
14-11-2025,Gujarat,Bhavnagar,364510,1,1,0
14-11-2025,Gujarat,Bhavnagar,364760,1,0,0
14-11-2025,Gujarat,Bhavnagar,364765,1,0,0
13-11-2025,Gujarat,Bhavnagar,364006,2,0,0
13-11-2025,Gujarat,Bhavnagar,364060,4,0,0
13-11-2025,Gujarat,Bhavnagar,364240,4,1,0
13-11-2025,Gujarat,Bhavnagar,364295,2,1,0
13-11-2025,Gujarat,Bhavnagar,364310,3,0,0
13-11-2025,Gujarat,Bhavnagar,364330,2,0,0
13-11-2025,Gujarat,Bhavnagar,364765,1,0,0
15-11-2025,Gujarat,Bhavnagar,364005,4,0,0
15-11-2025,Gujarat,Bhavnagar,364280,6,3,0
15-11-2025,Gujarat,Bhavnagar,364510,6,2,0
15-11-2025,Gujarat,Bhavnagar,364730,1,0,0
19-11-2025,Gujarat,Bhavnagar,364002,15,1,0
19-11-2025,Gujarat,Bhavnagar,364004,3,0,0
19-11-2025,Gujarat,Bhavnagar,364006,6,0,0
19-11-2025,Gujarat,Bhavnagar,364050,2,1,0
19-11-2025,Gujarat,Bhavnagar,364060,3,0,0
19-11-2025,Gujarat,Bhavnagar,364070,1,0,1
19-11-2025,Gujarat,Bhavnagar,364250,1,0,0
19-11-2025,Gujarat,Bhavnagar,364290,17,2,0
19-11-2025,Gujarat,Bhavnagar,364310,4,0,0
19-11-2025,Gujarat,Bhavnagar,364320,2,0,0
19-11-2025,Gujarat,Bhavnagar,364510,3,1,0
19-11-2025,Gujarat,Bhavnagar,364760,1,0,0
19-11-2025,Gujarat,Bhavnagar,364765,2,0,0
18-11-2025,Gujarat,Bhavnagar,364070,2,0,0
18-11-2025,Gujarat,Bhavnagar,364260,3,0,0
18-11-2025,Gujarat,Bhavnagar,365565,1,1,0
22-12-2025,Gujarat,Bhavnagar,364290,31,0,0
22-12-2025,Gujarat,Bhavnagar,364295,5,0,0
22-12-2025,Gujarat,Bhavnagar,364505,5,0,0
22-12-2025,Gujarat,Bhavnagar,364710,5,0,0
22-12-2025,Gujarat,Bhavnagar,364765,1,0,0
24-12-2025,Gujarat,Bhavnagar,364050,2,0,0
24-12-2025,Gujarat,Bhavnagar,364240,4,0,0
24-12-2025,Gujarat,Bhavnagar,364250,0,1,0
24-12-2025,Gujarat,Bhavnagar,364275,2,0,0
24-12-2025,Gujarat,Bhavnagar,364295,0,0,2
24-12-2025,Gujarat,Bhavnagar,364320,10,0,0
23-12-2025,Gujarat,Bhavnagar,364060,5,0,0
23-12-2025,Gujarat,Bhavnagar,364145,2,0,0
23-12-2025,Gujarat,Bhavnagar,364250,2,0,0
23-12-2025,Gujarat,Bhavnagar,364275,2,0,0
21-12-2025,Gujarat,Bhavnagar,364005,2,0,0
21-12-2025,Gujarat,Bhavnagar,364006,2,0,0
21-12-2025,Gujarat,Bhavnagar,364060,7,0,0
21-12-2025,Gujarat,Bhavnagar,364110,1,0,0
21-12-2025,Gujarat,Bhavnagar,364250,2,0,0
21-12-2025,Gujarat,Bhavnagar,364280,2,0,0
21-12-2025,Gujarat,Bhavnagar,364730,1,0,0
26-12-2025,Gujarat,Bhavnagar,364006,0,0,2
26-12-2025,Gujarat,Bhavnagar,364310,6,2,0
26-12-2025,Gujarat,Bhavnagar,364710,1,1,0
25-12-2025,Gujarat,Bhavnagar,364130,1,0,1
25-12-2025,Gujarat,Bhavnagar,364140,1,1,3
25-12-2025,Gujarat,Bhavnagar,364240,7,2,0
25-12-2025,Gujarat,Bhavnagar,364330,1,0,0
25-12-2025,Gujarat,Bhavnagar,364765,1,0,0
27-12-2025,Gujarat,Bhavnagar,364001,10,0,1
27-12-2025,Gujarat,Bhavnagar,364005,1,0,0
27-12-2025,Gujarat,Bhavnagar,364150,3,1,1
27-12-2025,Gujarat,Bhavnagar,364510,1,0,0
29-12-2025,Gujarat,Bhavnagar,364006,6,0,0
29-12-2025,Gujarat,Bhavnagar,364050,1,0,0
29-12-2025,Gujarat,Bhavnagar,364230,8,0,0
29-12-2025,Gujarat,Bhavnagar,364240,5,1,0
29-12-2025,Gujarat,Bhavnagar,364313,3,0,0
28-12-2025,Gujarat,Bhavnagar,364002,5,1,0
28-12-2025,Gujarat,Bhavnagar,364230,3,1,0
28-12-2025,Gujarat,Bhavnagar,364270,10,0,0
28-12-2025,Gujarat,Bhavnagar,364280,0,1,0
28-12-2025,Gujarat,Bhavnagar,364505,1,0,0
28-12-2025,Gujarat,Bhavnagar,364525,1,0,0
01-01-2026,Gujarat,Bhavnagar,364002,9,1,2
01-01-2026,Gujarat,Bhavnagar,364060,13,2,2
01-01-2026,Gujarat,Bhavnagar,364110,1,0,0
01-01-2026,Gujarat,Bhavnagar,364145,2,0,0
01-01-2026,Gujarat,Bhavnagar,364270,37,0,0
01-01-2026,Gujarat,Bhavnagar,364750,2,0,0
01-01-2026,Gujarat,Bhavnagar,364760,3,0,0
31-12-2025,Gujarat,Bhavnagar,364006,2,0,0
31-12-2025,Gujarat,Bhavnagar,364060,2,2,0
31-12-2025,Gujarat,Bhavnagar,364310,2,1,0
31-12-2025,Gujarat,Bhavnagar,364313,0,1,0
31-12-2025,Gujarat,Bhavnagar,364330,1,0,0
31-12-2025,Gujarat,Bhavnagar,364505,2,1,0
02-01-2026,Gujarat,Bhavnagar,364060,11,0,0
02-01-2026,Gujarat,Bhavnagar,364130,3,1,0
02-01-2026,Gujarat,Bhavnagar,364270,24,2,0
02-01-2026,Gujarat,Bhavnagar,364280,0,1,0
02-01-2026,Gujarat,Bhavnagar,364505,3,2,0
02-01-2026,Gujarat,Bhavnagar,364510,3,1,0
03-01-2026,Gujarat,Bhavnagar,364313,1,0,0
03-01-2026,Gujarat,Bhavnagar,364750,1,0,0
09-06-2025,Gujarat,Bhavnagar,364001,10,5,0
09-06-2025,Gujarat,Bhavnagar,364006,3,0,0
09-06-2025,Gujarat,Bhavnagar,364140,7,4,0
09-06-2025,Gujarat,Bhavnagar,364145,1,1,0
09-06-2025,Gujarat,Bhavnagar,364275,1,0,0
09-06-2025,Gujarat,Bhavnagar,364295,3,0,1
09-06-2025,Gujarat,Bhavnagar,364320,3,0,0
09-06-2025,Gujarat,Bhavnagar,364710,4,1,0
09-06-2025,Gujarat,Bhavnagar,364740,0,1,0
12-06-2025,Gujarat,Bhavnagar,364001,9,2,0
12-06-2025,Gujarat,Bhavnagar,364003,2,1,0
12-06-2025,Gujarat,Bhavnagar,364050,4,1,0
12-06-2025,Gujarat,Bhavnagar,364081,1,0,0
12-06-2025,Gujarat,Bhavnagar,364210,2,1,0
12-06-2025,Gujarat,Bhavnagar,364270,14,2,0
12-06-2025,Gujarat,Bhavnagar,364505,1,0,0
10-06-2025,Gujarat,Bhavnagar,364002,13,4,0
10-06-2025,Gujarat,Bhavnagar,364135,1,1,0
10-06-2025,Gujarat,Bhavnagar,364140,12,3,0
10-06-2025,Gujarat,Bhavnagar,364270,8,1,0
10-06-2025,Gujarat,Bhavnagar,364280,0,4,0
10-06-2025,Gujarat,Bhavnagar,364525,2,0,0
10-06-2025,Gujarat,Bhavnagar,364765,0,1,0
11-06-2025,Gujarat,Bhavnagar,364004,7,3,0
11-06-2025,Gujarat,Bhavnagar,364060,2,2,0
11-06-2025,Gujarat,Bhavnagar,364120,1,1,0
11-06-2025,Gujarat,Bhavnagar,364140,6,2,1
11-06-2025,Gujarat,Bhavnagar,364260,0,1,0
11-06-2025,Gujarat,Bhavnagar,364265,2,0,0
11-06-2025,Gujarat,Bhavnagar,364505,2,2,0
11-06-2025,Gujarat,Bhavnagar,364510,2,1,0
11-06-2025,Gujarat,Bhavnagar,364730,1,1,0
11-06-2025,Gujarat,Bhavnagar,364760,0,1,0
11-06-2025,Gujarat,Bhavnagar,364765,2,1,0
13-06-2025,Gujarat,Bhavnagar,364001,14,7,0
13-06-2025,Gujarat,Bhavnagar,364004,3,0,0
13-06-2025,Gujarat,Bhavnagar,364135,0,1,0
13-06-2025,Gujarat,Bhavnagar,364140,4,1,0
13-06-2025,Gujarat,Bhavnagar,364150,1,1,0
13-06-2025,Gujarat,Bhavnagar,364250,1,0,0
13-06-2025,Gujarat,Bhavnagar,364295,0,1,0
13-06-2025,Gujarat,Bhavnagar,364750,6,6,0
14-06-2025,Gujarat,Bhavnagar,364006,1,0,0
14-06-2025,Gujarat,Bhavnagar,364120,0,2,0
14-06-2025,Gujarat,Bhavnagar,364230,2,1,0
14-06-2025,Gujarat,Bhavnagar,364510,0,2,0
14-06-2025,Gujarat,Bhavnagar,364760,1,0,0
15-06-2025,Gujarat,Bhavnagar,364135,0,1,0
16-06-2025,Gujarat,Bhavnagar,364330,2,1,0
16-06-2025,Gujarat,Bhavnagar,364710,2,3,0
17-06-2025,Gujarat,Bhavnagar,364003,2,2,0
17-06-2025,Gujarat,Bhavnagar,364510,1,0,0
18-06-2025,Gujarat,Bhavnagar,364001,1,1,0
19-06-2025,Gujarat,Bhavnagar,364060,5,3,0
19-06-2025,Gujarat,Bhavnagar,364081,0,2,0
19-06-2025,Gujarat,Bhavnagar,364110,2,0,0
19-06-2025,Gujarat,Bhavnagar,364145,6,1,0
19-06-2025,Gujarat,Bhavnagar,364270,5,3,0
19-06-2025,Gujarat,Bhavnagar,364730,1,0,0
19-06-2025,Gujarat,Bhavnagar,364750,6,1,0
01-09-2025,Gujarat,Bhavnagar,364006,1,0,1
01-09-2025,Gujarat,Bhavnagar,364120,1,0,0
01-09-2025,Gujarat,Bhavnagar,364135,1,0,0
01-09-2025,Gujarat,Bhavnagar,364145,4,2,0
01-09-2025,Gujarat,Bhavnagar,364270,5,0,2
01-09-2025,Gujarat,Bhavnagar,364280,2,1,0
01-09-2025,Gujarat,Bhavnagar,364290,12,0,3
01-09-2025,Gujarat,Bhavnagar,364310,5,0,0
01-09-2025,Gujarat,Bhavnagar,364313,0,1,0
01-09-2025,Gujarat,Bhavnagar,364330,1,0,0
01-07-2025,Gujarat,Bhavnagar,364230,43,21,12
01-07-2025,Gujarat,Bhavnagar,364002,222,40,11
01-07-2025,Gujarat,Bhavnagar,364240,176,43,19
03-09-2025,Gujarat,Bhavnagar,364001,15,2,1
03-09-2025,Gujarat,Bhavnagar,364081,4,0,0
03-09-2025,Gujarat,Bhavnagar,364130,2,0,0
03-09-2025,Gujarat,Bhavnagar,364275,0,1,1
03-09-2025,Gujarat,Bhavnagar,364720,0,1,0
02-09-2025,Gujarat,Bhavnagar,364003,1,0,0
02-09-2025,Gujarat,Bhavnagar,364006,3,0,0
02-09-2025,Gujarat,Bhavnagar,364140,7,2,0
02-09-2025,Gujarat,Bhavnagar,364210,2,0,0
02-09-2025,Gujarat,Bhavnagar,364240,10,1,0
02-09-2025,Gujarat,Bhavnagar,364250,1,0,0
02-09-2025,Gujarat,Bhavnagar,364260,3,1,0
02-09-2025,Gujarat,Bhavnagar,364290,14,4,0
02-09-2025,Gujarat,Bhavnagar,364750,1,0,0
04-09-2025,Gujarat,Bhavnagar,364110,0,1,0
04-09-2025,Gujarat,Bhavnagar,364135,1,1,0
04-09-2025,Gujarat,Bhavnagar,364140,8,6,0
04-09-2025,Gujarat,Bhavnagar,364313,0,1,0
06-09-2025,Gujarat,Bhavnagar,364290,16,1,2
06-09-2025,Gujarat,Bhavnagar,365565,1,0,0
10-09-2025,Gujarat,Bhavnagar,364003,3,2,0
10-09-2025,Gujarat,Bhavnagar,364006,1,1,0
10-09-2025,Gujarat,Bhavnagar,364060,5,0,0
10-09-2025,Gujarat,Bhavnagar,364120,3,0,1
10-09-2025,Gujarat,Bhavnagar,364280,5,0,0
10-09-2025,Gujarat,Bhavnagar,364310,0,1,0
10-09-2025,Gujarat,Bhavnagar,364330,6,0,0
10-09-2025,Gujarat,Bhavnagar,364720,1,1,0
10-09-2025,Gujarat,Bhavnagar,364740,1,0,0
10-09-2025,Gujarat,Bhavnagar,365565,1,0,0
08-09-2025,Gujarat,Bhavnagar,364003,1,0,0
08-09-2025,Gujarat,Bhavnagar,364005,1,0,0
08-09-2025,Gujarat,Bhavnagar,364150,2,0,0
08-09-2025,Gujarat,Bhavnagar,364230,3,0,0
08-09-2025,Gujarat,Bhavnagar,364330,2,0,0
08-09-2025,Gujarat,Bhavnagar,364760,1,0,0
09-09-2025,Gujarat,Bhavnagar,364110,1,1,0
09-09-2025,Gujarat,Bhavnagar,364140,19,3,0
09-09-2025,Gujarat,Bhavnagar,364240,1,1,0
09-09-2025,Gujarat,Bhavnagar,364265,1,0,0
12-09-2025,Gujarat,Bhavnagar,364230,2,0,0
12-09-2025,Gujarat,Bhavnagar,364240,12,3,0
12-09-2025,Gujarat,Bhavnagar,364280,3,3,0
12-09-2025,Gujarat,Bhavnagar,364290,20,0,0
12-09-2025,Gujarat,Bhavnagar,364310,5,0,0
12-09-2025,Gujarat,Bhavnagar,364313,6,1,0
12-09-2025,Gujarat,Bhavnagar,364505,1,0,0
12-09-2025,Gujarat,Bhavnagar,364525,0,1,0
12-09-2025,Gujarat,Bhavnagar,364740,0,1,0
11-09-2025,Gujarat,Bhavnagar,364001,19,2,1
11-09-2025,Gujarat,Bhavnagar,364070,1,0,0
11-09-2025,Gujarat,Bhavnagar,364150,25,0,0
11-09-2025,Gujarat,Bhavnagar,364230,1,1,0
11-09-2025,Gujarat,Bhavnagar,364290,7,4,0
11-09-2025,Gujarat,Bhavnagar,364295,1,2,0
11-09-2025,Gujarat,Bhavnagar,364750,1,0,0
14-09-2025,Gujarat,Bhavnagar,364002,1,0,0
15-09-2025,Gujarat,Bhavnagar,364004,5,0,0
15-09-2025,Gujarat,Bhavnagar,364006,1,0,0
15-09-2025,Gujarat,Bhavnagar,364330,1,0,0
13-09-2025,Gujarat,Bhavnagar,364130,3,1,0
13-09-2025,Gujarat,Bhavnagar,364145,1,1,0
16-09-2025,Gujarat,Bhavnagar,364003,2,0,0
16-09-2025,Gujarat,Bhavnagar,364120,2,0,0
16-09-2025,Gujarat,Bhavnagar,364135,2,0,0
16-09-2025,Gujarat,Bhavnagar,364240,4,0,0
16-09-2025,Gujarat,Bhavnagar,364250,2,0,0
16-09-2025,Gujarat,Bhavnagar,364260,0,1,0
18-09-2025,Gujarat,Bhavnagar,364002,4,0,0
18-09-2025,Gujarat,Bhavnagar,364006,1,0,0
18-09-2025,Gujarat,Bhavnagar,364070,3,0,0
18-09-2025,Gujarat,Bhavnagar,364265,1,0,0
18-09-2025,Gujarat,Bhavnagar,364320,1,0,0
18-09-2025,Gujarat,Bhavnagar,364330,8,0,0
18-09-2025,Gujarat,Bhavnagar,364710,1,0,0
17-09-2025,Gujarat,Bhavnagar,364001,7,1,1
17-09-2025,Gujarat,Bhavnagar,364006,4,0,0
17-09-2025,Gujarat,Bhavnagar,364070,1,0,0
17-09-2025,Gujarat,Bhavnagar,364145,1,1,0
17-09-2025,Gujarat,Bhavnagar,364240,4,0,0
17-09-2025,Gujarat,Bhavnagar,364290,13,0,0
17-09-2025,Gujarat,Bhavnagar,365565,1,0,0
19-09-2025,Gujarat,Bhavnagar,364001,11,0,0
19-09-2025,Gujarat,Bhavnagar,364002,3,0,1
19-09-2025,Gujarat,Bhavnagar,364120,15,0,0
19-09-2025,Gujarat,Bhavnagar,364140,4,0,0
19-09-2025,Gujarat,Bhavnagar,364260,2,2,2
19-09-2025,Gujarat,Bhavnagar,364265,4,0,1
19-09-2025,Gujarat,Bhavnagar,364275,3,0,0
19-09-2025,Gujarat,Bhavnagar,364310,11,0,0
20-09-2025,Gujarat,Bhavnagar,364003,2,0,0
20-09-2025,Gujarat,Bhavnagar,364120,1,0,0
20-09-2025,Gujarat,Bhavnagar,364290,7,3,0
22-09-2025,Gujarat,Bhavnagar,364001,6,1,0
22-09-2025,Gujarat,Bhavnagar,364002,3,0,0
22-09-2025,Gujarat,Bhavnagar,364003,2,0,0
22-09-2025,Gujarat,Bhavnagar,364250,3,0,0
22-09-2025,Gujarat,Bhavnagar,364260,1,0,0
22-09-2025,Gujarat,Bhavnagar,364270,5,1,0
22-09-2025,Gujarat,Bhavnagar,364313,2,1,0
22-09-2025,Gujarat,Bhavnagar,364505,2,0,0
22-09-2025,Gujarat,Bhavnagar,364750,4,1,0
23-09-2025,Gujarat,Bhavnagar,364004,2,1,0
23-09-2025,Gujarat,Bhavnagar,364120,11,0,0
23-09-2025,Gujarat,Bhavnagar,364240,1,0,0
23-09-2025,Gujarat,Bhavnagar,364730,1,0,0
23-09-2025,Gujarat,Bhavnagar,364750,1,0,0
21-09-2025,Gujarat,Bhavnagar,364290,1,0,0
25-09-2025,Gujarat,Bhavnagar,364001,4,0,0
25-09-2025,Gujarat,Bhavnagar,364002,3,0,0
25-09-2025,Gujarat,Bhavnagar,364070,2,0,0
25-09-2025,Gujarat,Bhavnagar,364240,3,2,0
25-09-2025,Gujarat,Bhavnagar,364260,2,0,0
25-09-2025,Gujarat,Bhavnagar,364290,7,0,0
25-09-2025,Gujarat,Bhavnagar,364710,1,0,0
24-09-2025,Gujarat,Bhavnagar,364001,11,2,0
24-09-2025,Gujarat,Bhavnagar,364005,2,0,0
24-09-2025,Gujarat,Bhavnagar,364006,3,0,0
24-09-2025,Gujarat,Bhavnagar,364140,5,0,0
24-09-2025,Gujarat,Bhavnagar,364250,1,0,0
26-09-2025,Gujarat,Bhavnagar,364140,3,0,0
26-09-2025,Gujarat,Bhavnagar,364313,2,0,0
27-09-2025,Gujarat,Bhavnagar,364130,1,0,0
27-09-2025,Gujarat,Bhavnagar,364295,0,1,0
29-09-2025,Gujarat,Bhavnagar,364140,1,0,0
26-10-2025,Gujarat,Bhavnagar,364720,1,0,0
13-10-2025,Gujarat,Bhavnagar,364003,1,0,0
13-10-2025,Gujarat,Bhavnagar,364050,4,0,0
13-10-2025,Gujarat,Bhavnagar,364130,4,1,2
13-10-2025,Gujarat,Bhavnagar,364140,14,1,0
13-10-2025,Gujarat,Bhavnagar,364230,2,1,0
13-10-2025,Gujarat,Bhavnagar,364250,1,0,0
15-10-2025,Gujarat,Bhavnagar,364001,18,1,1
15-10-2025,Gujarat,Bhavnagar,364145,2,0,1
15-10-2025,Gujarat,Bhavnagar,364270,2,1,0
15-10-2025,Gujarat,Bhavnagar,364710,1,0,0
16-10-2025,Gujarat,Bhavnagar,364001,4,2,5
16-10-2025,Gujarat,Bhavnagar,364081,1,0,0
16-10-2025,Gujarat,Bhavnagar,364260,1,0,0
17-10-2025,Gujarat,Bhavnagar,364001,8,0,1
17-10-2025,Gujarat,Bhavnagar,364004,2,1,0
17-10-2025,Gujarat,Bhavnagar,364295,2,2,0
17-10-2025,Gujarat,Bhavnagar,364525,0,1,0
18-10-2025,Gujarat,Bhavnagar,364002,4,0,1
18-10-2025,Gujarat,Bhavnagar,364110,1,0,0
18-10-2025,Gujarat,Bhavnagar,364145,2,0,0
18-10-2025,Gujarat,Bhavnagar,364265,1,0,0
18-10-2025,Gujarat,Bhavnagar,364290,0,1,1
19-10-2025,Gujarat,Bhavnagar,364006,1,0,0
19-10-2025,Gujarat,Bhavnagar,364060,2,0,0
19-10-2025,Gujarat,Bhavnagar,364081,1,0,0
19-10-2025,Gujarat,Bhavnagar,364135,1,0,0
19-10-2025,Gujarat,Bhavnagar,364145,3,0,0
19-10-2025,Gujarat,Bhavnagar,364150,4,0,0
19-10-2025,Gujarat,Bhavnagar,364210,1,0,0
19-10-2025,Gujarat,Bhavnagar,364275,2,0,0
19-10-2025,Gujarat,Bhavnagar,364290,5,1,0
19-10-2025,Gujarat,Bhavnagar,364330,1,0,0
19-10-2025,Gujarat,Bhavnagar,364710,1,0,0
21-10-2025,Gujarat,Bhavnagar,364002,3,0,0
21-10-2025,Gujarat,Bhavnagar,364006,1,0,0
21-10-2025,Gujarat,Bhavnagar,364050,1,0,0
21-10-2025,Gujarat,Bhavnagar,364070,1,0,0
21-10-2025,Gujarat,Bhavnagar,364265,2,1,0
20-10-2025,Gujarat,Bhavnagar,364290,1,0,0
22-10-2025,Gujarat,Bhavnagar,364240,1,0,0
25-10-2025,Gujarat,Bhavnagar,364130,1,0,0
25-10-2025,Gujarat,Bhavnagar,364295,0,1,0
24-10-2025,Gujarat,Bhavnagar,364050,1,2,0
24-10-2025,Gujarat,Bhavnagar,364130,3,0,0
24-10-2025,Gujarat,Bhavnagar,364270,3,0,0
24-10-2025,Gujarat,Bhavnagar,364320,1,0,0
27-10-2025,Gujarat,Bhavnagar,364060,1,0,0
29-10-2025,Gujarat,Bhavnagar,364004,1,0,0
29-10-2025,Gujarat,Bhavnagar,364290,1,0,0
30-10-2025,Gujarat,Bhavnagar,364002,5,0,0
30-10-2025,Gujarat,Bhavnagar,364003,1,0,0
30-10-2025,Gujarat,Bhavnagar,364050,2,1,0
30-10-2025,Gujarat,Bhavnagar,364120,2,0,0
30-10-2025,Gujarat,Bhavnagar,364140,1,1,0
30-10-2025,Gujarat,Bhavnagar,364275,2,0,0
30-10-2025,Gujarat,Bhavnagar,364280,2,0,0
30-10-2025,Gujarat,Bhavnagar,364320,3,0,0
31-10-2025,Gujarat,Bhavnagar,364002,4,0,0
31-10-2025,Gujarat,Bhavnagar,364006,0,1,0
31-10-2025,Gujarat,Bhavnagar,364230,1,0,0
02-11-2025,Gujarat,Bhavnagar,364060,6,0,0
02-11-2025,Gujarat,Bhavnagar,364210,1,0,0
02-11-2025,Gujarat,Bhavnagar,364265,1,0,0
02-11-2025,Gujarat,Bhavnagar,364280,3,0,0
02-11-2025,Gujarat,Bhavnagar,365565,1,0,0
09-11-2025,Gujarat,Bhavnagar,364001,12,3,0
09-11-2025,Gujarat,Bhavnagar,364004,3,0,0
09-11-2025,Gujarat,Bhavnagar,364145,2,0,0
09-11-2025,Gujarat,Bhavnagar,364240,4,1,0
09-11-2025,Gujarat,Bhavnagar,364280,2,2,0
09-11-2025,Gujarat,Bhavnagar,364313,0,1,0
09-11-2025,Gujarat,Bhavnagar,364730,2,0,0
10-11-2025,Gujarat,Bhavnagar,364001,9,0,0
10-11-2025,Gujarat,Bhavnagar,364060,3,1,0
10-11-2025,Gujarat,Bhavnagar,364130,2,0,0
10-11-2025,Gujarat,Bhavnagar,364230,1,0,0
10-11-2025,Gujarat,Bhavnagar,364265,1,1,0
10-11-2025,Gujarat,Bhavnagar,364280,2,0,0
05-11-2025,Gujarat,Bhavnagar,364002,7,0,0
05-11-2025,Gujarat,Bhavnagar,364140,2,1,0
05-11-2025,Gujarat,Bhavnagar,364240,2,1,0
05-11-2025,Gujarat,Bhavnagar,364750,2,0,0
06-11-2025,Gujarat,Bhavnagar,364001,6,1,0
06-11-2025,Gujarat,Bhavnagar,364005,1,0,0
06-11-2025,Gujarat,Bhavnagar,364130,2,0,0
06-11-2025,Gujarat,Bhavnagar,364240,2,0,0
06-11-2025,Gujarat,Bhavnagar,364265,1,0,0
06-11-2025,Gujarat,Bhavnagar,364290,3,1,0
06-11-2025,Gujarat,Bhavnagar,364295,3,1,0
03-11-2025,Gujarat,Bhavnagar,364002,2,0,0
03-11-2025,Gujarat,Bhavnagar,364006,1,0,0
03-11-2025,Gujarat,Bhavnagar,364050,2,0,0
03-11-2025,Gujarat,Bhavnagar,364150,5,0,0
03-11-2025,Gujarat,Bhavnagar,364240,0,0,1
03-11-2025,Gujarat,Bhavnagar,364265,2,0,0
03-11-2025,Gujarat,Bhavnagar,364290,2,1,3
07-11-2025,Gujarat,Bhavnagar,364002,3,1,0
07-11-2025,Gujarat,Bhavnagar,364003,3,0,0
07-11-2025,Gujarat,Bhavnagar,364006,0,1,0
07-11-2025,Gujarat,Bhavnagar,364060,1,0,0
07-11-2025,Gujarat,Bhavnagar,364120,1,0,0
07-11-2025,Gujarat,Bhavnagar,364145,1,0,0
07-11-2025,Gujarat,Bhavnagar,364240,1,0,0
07-11-2025,Gujarat,Bhavnagar,364250,1,0,0
07-11-2025,Gujarat,Bhavnagar,364260,2,0,0
07-11-2025,Gujarat,Bhavnagar,364313,0,0,1
07-11-2025,Gujarat,Bhavnagar,364505,3,1,0
08-11-2025,Gujarat,Bhavnagar,364001,13,2,2
08-11-2025,Gujarat,Bhavnagar,364145,0,0,1
08-11-2025,Gujarat,Bhavnagar,364275,1,0,0
08-11-2025,Gujarat,Bhavnagar,364720,0,1,0
12-11-2025,Gujarat,Bhavnagar,364004,6,0,0
12-11-2025,Gujarat,Bhavnagar,364006,2,1,0
12-11-2025,Gujarat,Bhavnagar,364050,4,0,0
12-11-2025,Gujarat,Bhavnagar,364760,2,0,0
12-11-2025,Gujarat,Bhavnagar,364765,1,0,0
11-11-2025,Gujarat,Bhavnagar,364002,4,1,0
11-11-2025,Gujarat,Bhavnagar,364006,1,0,0
11-11-2025,Gujarat,Bhavnagar,364110,2,0,0
11-11-2025,Gujarat,Bhavnagar,364260,3,0,0
11-11-2025,Gujarat,Bhavnagar,364280,1,3,0
11-11-2025,Gujarat,Bhavnagar,364295,2,0,0
11-11-2025,Gujarat,Bhavnagar,364510,3,0,0
13-11-2025,Gujarat,Bhavnagar,364260,4,1,0
13-11-2025,Gujarat,Bhavnagar,364270,2,1,0
13-11-2025,Gujarat,Bhavnagar,364280,1,0,0
13-11-2025,Gujarat,Bhavnagar,364290,10,0,4
14-11-2025,Gujarat,Bhavnagar,364120,2,0,0
14-11-2025,Gujarat,Bhavnagar,364130,0,1,0
14-11-2025,Gujarat,Bhavnagar,364135,2,0,0
14-11-2025,Gujarat,Bhavnagar,364210,2,0,0
14-11-2025,Gujarat,Bhavnagar,364240,5,2,0
14-11-2025,Gujarat,Bhavnagar,364265,4,0,1
14-11-2025,Gujarat,Bhavnagar,364270,7,3,1
14-11-2025,Gujarat,Bhavnagar,364330,3,0,1
14-11-2025,Gujarat,Bhavnagar,364505,5,1,0
15-11-2025,Gujarat,Bhavnagar,364001,21,0,0
15-11-2025,Gujarat,Bhavnagar,364140,2,1,0
15-11-2025,Gujarat,Bhavnagar,364210,5,0,0
15-11-2025,Gujarat,Bhavnagar,364265,3,0,0
15-11-2025,Gujarat,Bhavnagar,364270,6,0,0
15-11-2025,Gujarat,Bhavnagar,364310,1,0,0
15-11-2025,Gujarat,Bhavnagar,364320,5,0,0
15-11-2025,Gujarat,Bhavnagar,364505,8,1,0
15-11-2025,Gujarat,Bhavnagar,364710,1,0,0
16-11-2025,Gujarat,Bhavnagar,364110,5,1,0
16-11-2025,Gujarat,Bhavnagar,364140,1,0,0
16-11-2025,Gujarat,Bhavnagar,364250,1,0,0
16-11-2025,Gujarat,Bhavnagar,364330,3,0,0
17-11-2025,Gujarat,Bhavnagar,364001,8,0,2
17-11-2025,Gujarat,Bhavnagar,364060,6,0,3
17-11-2025,Gujarat,Bhavnagar,364330,2,0,0
17-11-2025,Gujarat,Bhavnagar,364710,1,0,0
17-11-2025,Gujarat,Bhavnagar,364750,2,0,0
18-11-2025,Gujarat,Bhavnagar,364001,34,3,0
18-11-2025,Gujarat,Bhavnagar,364002,15,1,0
18-11-2025,Gujarat,Bhavnagar,364060,3,2,0
18-11-2025,Gujarat,Bhavnagar,364145,1,0,0
18-11-2025,Gujarat,Bhavnagar,364210,2,0,1
18-11-2025,Gujarat,Bhavnagar,364230,5,0,0
18-11-2025,Gujarat,Bhavnagar,364240,10,6,0
18-11-2025,Gujarat,Bhavnagar,364265,3,0,0
18-11-2025,Gujarat,Bhavnagar,364295,5,0,0
18-11-2025,Gujarat,Bhavnagar,364330,2,0,0
18-11-2025,Gujarat,Bhavnagar,364710,1,1,0
18-11-2025,Gujarat,Bhavnagar,364750,4,0,0
19-11-2025,Gujarat,Bhavnagar,364120,2,0,0
19-11-2025,Gujarat,Bhavnagar,364130,4,0,0
19-11-2025,Gujarat,Bhavnagar,364145,1,0,0
19-11-2025,Gujarat,Bhavnagar,364230,3,0,0
19-11-2025,Gujarat,Bhavnagar,364260,1,0,0
19-11-2025,Gujarat,Bhavnagar,364280,2,0,0
19-11-2025,Gujarat,Bhavnagar,364295,4,0,0
19-11-2025,Gujarat,Bhavnagar,364750,2,0,0
19-11-2025,Gujarat,Bhavnagar,365565,1,0,0
25-11-2025,Gujarat,Bhavnagar,364002,9,0,0
25-11-2025,Gujarat,Bhavnagar,364130,2,0,0
25-11-2025,Gujarat,Bhavnagar,364145,1,2,0
25-11-2025,Gujarat,Bhavnagar,364250,1,0,0
25-11-2025,Gujarat,Bhavnagar,364260,3,0,0
25-11-2025,Gujarat,Bhavnagar,364265,1,0,0
25-11-2025,Gujarat,Bhavnagar,364275,4,0,0
25-11-2025,Gujarat,Bhavnagar,364310,1,0,0
25-11-2025,Gujarat,Bhavnagar,364320,2,0,0
25-11-2025,Gujarat,Bhavnagar,364330,2,0,0
15-12-2025,Gujarat,Bhavnagar,364006,0,0,1
15-12-2025,Gujarat,Bhavnagar,364265,4,0,0
15-12-2025,Gujarat,Bhavnagar,364280,11,1,0
15-12-2025,Gujarat,Bhavnagar,364310,3,0,0
15-12-2025,Gujarat,Bhavnagar,364313,2,0,0
15-12-2025,Gujarat,Bhavnagar,364320,2,0,0
22-12-2025,Gujarat,Bhavnagar,364002,9,0,0
22-12-2025,Gujarat,Bhavnagar,364003,5,0,0
22-12-2025,Gujarat,Bhavnagar,364004,10,0,0
22-12-2025,Gujarat,Bhavnagar,364006,5,0,0
22-12-2025,Gujarat,Bhavnagar,364050,4,0,0
22-12-2025,Gujarat,Bhavnagar,364070,4,0,0
22-12-2025,Gujarat,Bhavnagar,364240,9,0,0
22-12-2025,Gujarat,Bhavnagar,364310,4,0,0
22-12-2025,Gujarat,Bhavnagar,364510,4,0,0
21-12-2025,Gujarat,Bhavnagar,364003,5,0,0
21-12-2025,Gujarat,Bhavnagar,364050,1,0,0
21-12-2025,Gujarat,Bhavnagar,364120,1,0,0
21-12-2025,Gujarat,Bhavnagar,364260,1,0,0
21-12-2025,Gujarat,Bhavnagar,364290,8,0,0
21-12-2025,Gujarat,Bhavnagar,364313,1,0,0
23-12-2025,Gujarat,Bhavnagar,364005,1,0,0
23-12-2025,Gujarat,Bhavnagar,364130,1,0,0
23-12-2025,Gujarat,Bhavnagar,364230,1,0,0
23-12-2025,Gujarat,Bhavnagar,364260,2,0,0
23-12-2025,Gujarat,Bhavnagar,364330,3,0,0
24-12-2025,Gujarat,Bhavnagar,364135,1,0,0
24-12-2025,Gujarat,Bhavnagar,364140,1,0,0
24-12-2025,Gujarat,Bhavnagar,364260,1,1,0
24-12-2025,Gujarat,Bhavnagar,364270,7,0,0
24-12-2025,Gujarat,Bhavnagar,364710,1,0,0
25-12-2025,Gujarat,Bhavnagar,364005,1,0,0
25-12-2025,Gujarat,Bhavnagar,364150,1,0,0
25-12-2025,Gujarat,Bhavnagar,364310,10,0,0
26-12-2025,Gujarat,Bhavnagar,364002,1,0,3
26-12-2025,Gujarat,Bhavnagar,364050,1,0,1
26-12-2025,Gujarat,Bhavnagar,364150,2,0,0
26-12-2025,Gujarat,Bhavnagar,364230,3,0,1
26-12-2025,Gujarat,Bhavnagar,364290,3,2,0
28-12-2025,Gujarat,Bhavnagar,364070,2,0,0
28-12-2025,Gujarat,Bhavnagar,364140,1,0,0
28-12-2025,Gujarat,Bhavnagar,364150,1,1,0
28-12-2025,Gujarat,Bhavnagar,364295,4,0,0
28-12-2025,Gujarat,Bhavnagar,364313,1,0,0
27-12-2025,Gujarat,Bhavnagar,364004,1,0,0
27-12-2025,Gujarat,Bhavnagar,364006,1,0,1
27-12-2025,Gujarat,Bhavnagar,364295,0,1,0
29-12-2025,Gujarat,Bhavnagar,364001,14,0,0
29-12-2025,Gujarat,Bhavnagar,364130,2,0,0
29-12-2025,Gujarat,Bhavnagar,364135,2,0,2
29-12-2025,Gujarat,Bhavnagar,364140,4,0,0
29-12-2025,Gujarat,Bhavnagar,364150,6,0,0
29-12-2025,Gujarat,Bhavnagar,364510,2,1,0
31-12-2025,Gujarat,Bhavnagar,364003,1,1,0
31-12-2025,Gujarat,Bhavnagar,364145,1,1,0
31-12-2025,Gujarat,Bhavnagar,364260,3,1,0
31-12-2025,Gujarat,Bhavnagar,364290,9,3,1
31-12-2025,Gujarat,Bhavnagar,364710,1,2,0
31-12-2025,Gujarat,Bhavnagar,364750,0,1,0
01-01-2026,Gujarat,Bhavnagar,364004,10,2,0
01-01-2026,Gujarat,Bhavnagar,364081,1,0,0
01-01-2026,Gujarat,Bhavnagar,364130,0,0,1
01-01-2026,Gujarat,Bhavnagar,364240,9,1,0
01-01-2026,Gujarat,Bhavnagar,364290,21,3,0
01-01-2026,Gujarat,Bhavnagar,364310,2,0,0
01-01-2026,Gujarat,Bhavnagar,364525,1,0,0
01-01-2026,Gujarat,Bhavnagar,364530,1,0,0
01-01-2026,Gujarat,Bhavnagar,364730,0,1,0
01-01-2026,Gujarat,Bhavnagar,364765,1,0,0
02-01-2026,Gujarat,Bhavnagar,364003,2,2,0
02-01-2026,Gujarat,Bhavnagar,364070,6,1,1
02-01-2026,Gujarat,Bhavnagar,364120,3,2,0
02-01-2026,Gujarat,Bhavnagar,364145,3,1,0
02-01-2026,Gujarat,Bhavnagar,364250,2,0,0
02-01-2026,Gujarat,Bhavnagar,364310,8,2,0
03-01-2026,Gujarat,Bhavnagar,364060,1,0,0
03-01-2026,Gujarat,Bhavnagar,364130,1,0,0
03-01-2026,Gujarat,Bhavnagar,364140,1,0,0
09-06-2025,Gujarat,Bhavnagar,364050,2,1,0
09-06-2025,Gujarat,Bhavnagar,364060,1,1,0
09-06-2025,Gujarat,Bhavnagar,364120,2,1,0
12-06-2025,Gujarat,Bhavnagar,364006,2,0,0
12-06-2025,Gujarat,Bhavnagar,364110,3,0,0
12-06-2025,Gujarat,Bhavnagar,364265,0,2,0
11-06-2025,Gujarat,Bhavnagar,364050,2,2,0
11-06-2025,Gujarat,Bhavnagar,364145,3,1,0
11-06-2025,Gujarat,Bhavnagar,364240,5,3,0
11-06-2025,Gujarat,Bhavnagar,364280,2,2,1
11-06-2025,Gujarat,Bhavnagar,364295,0,3,0
11-06-2025,Gujarat,Bhavnagar,364710,3,0,0
11-06-2025,Gujarat,Bhavnagar,365565,1,0,0
10-06-2025,Gujarat,Bhavnagar,364060,3,1,0
10-06-2025,Gujarat,Bhavnagar,364145,1,0,0
10-06-2025,Gujarat,Bhavnagar,364150,3,1,0
10-06-2025,Gujarat,Bhavnagar,364275,0,1,0
10-06-2025,Gujarat,Bhavnagar,364505,4,2,0
10-06-2025,Gujarat,Bhavnagar,364710,4,0,0
10-06-2025,Gujarat,Bhavnagar,364730,0,1,0
13-06-2025,Gujarat,Bhavnagar,364003,2,2,0
13-06-2025,Gujarat,Bhavnagar,364270,13,2,0
13-06-2025,Gujarat,Bhavnagar,364290,8,2,0
13-06-2025,Gujarat,Bhavnagar,364310,3,0,0
13-06-2025,Gujarat,Bhavnagar,364313,2,3,0
13-06-2025,Gujarat,Bhavnagar,364330,5,2,0
13-06-2025,Gujarat,Bhavnagar,364740,1,0,1
14-06-2025,Gujarat,Bhavnagar,364505,1,1,0
15-06-2025,Gujarat,Bhavnagar,364120,1,0,0
15-06-2025,Gujarat,Bhavnagar,364295,0,1,0
16-06-2025,Gujarat,Bhavnagar,364140,1,1,0
16-06-2025,Gujarat,Bhavnagar,364270,0,2,0
16-06-2025,Gujarat,Bhavnagar,364275,1,0,0
16-06-2025,Gujarat,Bhavnagar,364730,1,1,0
16-06-2025,Gujarat,Bhavnagar,364760,1,0,0
17-06-2025,Gujarat,Bhavnagar,364060,2,0,0
17-06-2025,Gujarat,Bhavnagar,364120,0,1,0
17-06-2025,Gujarat,Bhavnagar,364145,0,1,0
18-06-2025,Gujarat,Bhavnagar,364050,1,0,0
18-06-2025,Gujarat,Bhavnagar,364060,2,0,0
18-06-2025,Gujarat,Bhavnagar,364140,1,1,0
18-06-2025,Gujarat,Bhavnagar,364145,1,0,0
18-06-2025,Gujarat,Bhavnagar,364240,2,1,1
18-06-2025,Gujarat,Bhavnagar,364280,4,2,0
18-06-2025,Gujarat,Bhavnagar,364295,1,0,0
19-06-2025,Gujarat,Bhavnagar,364001,13,3,1
19-06-2025,Gujarat,Bhavnagar,364003,4,2,0
19-06-2025,Gujarat,Bhavnagar,364070,1,1,0
19-06-2025,Gujarat,Bhavnagar,364150,4,1,0
19-06-2025,Gujarat,Bhavnagar,364290,11,6,0
19-06-2025,Gujarat,Bhavnagar,364320,1,0,0
